year,term_index,term,solar_longitude_deg,beijing_date,beijing_time,utc_date,utc_time,jd_utc
1900,1,小寒,285,1900-01-06,02:03:12,1900-01-05,18:03:12,2415025.252717
1900,2,大寒,300,1900-01-20,19:31:39,1900-01-20,11:31:39,2415039.980809
1900,3,立春,315,1900-02-04,13:50:45,1900-02-04,05:50:45,2415054.744069
1900,4,雨水,330,1900-02-19,10:00:28,1900-02-19,02:00:28,2415069.584156
1900,5,惊蛰,345,1900-03-06,08:21:06,1900-03-06,00:21:06,2415084.515141
1900,6,春分,0,1900-03-21,09:38:15,1900-03-21,01:38:15,2415099.568728
1900,7,清明,15,1900-04-05,13:51:55,1900-04-05,05:51:55,2415114.744878
1900,8,谷雨,30,1900-04-20,21:26:21,1900-04-20,13:26:21,2415130.060461
1900,9,立夏,45,1900-05-06,07:54:27,1900-05-05,23:54:27,2415145.496635
1900,10,小满,60,1900-05-21,21:16:11,1900-05-21,13:16:11,2415161.053396
1900,11,芒种,75,1900-06-06,12:38:11,1900-06-06,04:38:11,2415176.693676
1900,12,夏至,90,1900-06-22,05:39:02,1900-06-21,21:39:02,2415192.402595
1900,13,小暑,105,1900-07-07,23:09:25,1900-07-07,15:09:25,2415208.132028
1900,14,大暑,120,1900-07-23,16:35:23,1900-07-23,08:35:23,2415223.858398
1900,15,立秋,135,1900-08-08,08:49:50,1900-08-08,00:49:50,2415239.535099
1900,16,处暑,150,1900-08-23,23:19:05,1900-08-23,15:19:05,2415255.138744
1900,17,白露,165,1900-09-08,11:15:53,1900-09-08,03:15:53,2415270.636528
1900,18,秋分,180,1900-09-23,20:19:26,1900-09-23,12:19:26,2415286.01399
1900,19,寒露,195,1900-10-09,02:12:24,1900-10-08,18:12:24,2415301.259106
1900,20,霜降,210,1900-10-24,04:54:32,1900-10-23,20:54:32,2415316.371693
1900,21,立冬,225,1900-11-08,04:38:59,1900-11-07,20:38:59,2415331.360903
1900,22,小雪,240,1900-11-23,01:47:06,1900-11-22,17:47:06,2415346.241535
1900,23,大雪,255,1900-12-07,20:55:06,1900-12-07,12:55:06,2415361.038763
1900,24,冬至,270,1900-12-22,14:40:49,1900-12-22,06:40:49,2415375.778844
1901,1,小寒,285,1901-01-06,07:52:39,1901-01-05,23:52:39,2415390.495385
1901,2,大寒,300,1901-01-21,01:15:43,1901-01-20,17:15:43,2415405.219737
1901,3,立春,315,1901-02-04,19:39:07,1901-02-04,11:39:07,2415419.985994
1901,4,雨水,330,1901-02-19,15:44:10,1901-02-19,07:44:10,2415434.822827
1901,5,惊蛰,345,1901-03-06,14:10:08,1901-03-06,06:10:08,2415449.75753
1901,6,春分,0,1901-03-21,15:22:50,1901-03-21,07:22:50,2415464.808022
1901,7,清明,15,1901-04-05,19:43:37,1901-04-05,11:43:37,2415479.989112
1901,8,谷雨,30,1901-04-21,03:12:41,1901-04-20,19:12:41,2415495.300969
1901,9,立夏,45,1901-05-06,13:49:39,1901-05-06,05:49:39,2415510.743312
1901,10,小满,60,1901-05-22,03:03:56,1901-05-21,19:03:56,2415526.294887
1901,11,芒种,75,1901-06-06,18:35:43,1901-06-06,10:35:43,2415541.941968
1901,12,夏至,90,1901-06-22,11:27:04,1901-06-22,03:27:04,2415557.644285
1901,13,小暑,105,1901-07-08,05:06:51,1901-07-07,21:06:51,2415573.380252
1901,14,大暑,120,1901-07-23,22:23:03,1901-07-23,14:23:03,2415589.099834
1901,15,立秋,135,1901-08-08,14:45:23,1901-08-08,06:45:23,2415604.782009
1901,16,处暑,150,1901-08-24,05:06:46,1901-08-23,21:06:46,2415620.380187
1901,17,白露,165,1901-09-08,17:09:32,1901-09-08,09:09:32,2415635.882111
1901,18,秋分,180,1901-09-24,02:08:12,1901-09-23,18:08:12,2415651.256194
1901,19,寒露,195,1901-10-09,08:05:45,1901-10-09,00:05:45,2415666.504484
1901,20,霜降,210,1901-10-24,10:45:30,1901-10-24,02:45:30,2415681.61543
1901,21,立冬,225,1901-11-08,10:33:47,1901-11-08,02:33:47,2415696.607291
1901,22,小雪,240,1901-11-23,07:40:30,1901-11-22,23:40:30,2415711.486957
1901,23,大雪,255,1901-12-08,02:51:56,1901-12-07,18:51:56,2415726.286555
1901,24,冬至,270,1901-12-22,20:35:53,1901-12-22,12:35:53,2415741.025413
1902,1,小寒,285,1902-01-06,13:50:51,1902-01-06,05:50:51,2415755.744139
1902,2,大寒,300,1902-01-21,07:11:13,1902-01-20,23:11:13,2415770.466615
1902,3,立春,315,1902-02-05,01:37:25,1902-02-04,17:37:25,2415785.234816
1902,4,雨水,330,1902-02-19,21:38:59,1902-02-19,13:38:59,2415800.069227
1902,5,惊蛰,345,1902-03-06,20:06:48,1902-03-06,12:06:48,2415815.005221
1902,6,春分,0,1902-03-21,21:15:50,1902-03-21,13:15:50,2415830.05316
1902,7,清明,15,1902-04-06,01:36:43,1902-04-05,17:36:43,2415845.234325
1902,8,谷雨,30,1902-04-21,09:03:25,1902-04-21,01:03:25,2415860.544536
1902,9,立夏,45,1902-05-06,19:38:05,1902-05-06,11:38:05,2415875.985278
1902,10,小满,60,1902-05-22,08:52:49,1902-05-22,00:52:49,2415891.537178
1902,11,芒种,75,1902-06-07,00:19:05,1902-06-06,16:19:05,2415907.180413
1902,12,夏至,90,1902-06-22,17:14:25,1902-06-22,09:14:25,2415922.885505
1902,13,小暑,105,1902-07-08,10:45:38,1902-07-08,02:45:38,2415938.615514
1902,14,大暑,120,1902-07-24,04:09:08,1902-07-23,20:09:08,2415954.340176
1902,15,立秋,135,1902-08-08,20:21:34,1902-08-08,12:21:34,2415970.015468
1902,16,处暑,150,1902-08-24,10:52:20,1902-08-24,02:52:20,2415985.620164
1902,17,白露,165,1902-09-08,22:45:43,1902-09-08,14:45:43,2416001.115577
1902,18,秋分,180,1902-09-24,07:54:38,1902-09-23,23:54:38,2416016.496762
1902,19,寒露,195,1902-10-09,13:44:28,1902-10-09,05:44:28,2416031.739702
1902,20,霜降,210,1902-10-24,16:34:56,1902-10-24,08:34:56,2416046.858085
1902,21,立冬,225,1902-11-08,16:17:04,1902-11-08,08:17:04,2416061.845675
1902,22,小雪,240,1902-11-23,13:34:42,1902-11-23,05:34:42,2416076.73293
1902,23,大雪,255,1902-12-08,08:40:20,1902-12-08,00:40:20,2416091.528498
1902,24,冬至,270,1902-12-23,02:34:49,1902-12-22,18:34:49,2416106.274677
1903,1,小寒,285,1903-01-06,19:43:01,1903-01-06,11:43:01,2416120.988701
1903,2,大寒,300,1903-01-21,13:12:50,1903-01-21,05:12:50,2416135.717736
1903,3,立春,315,1903-02-05,07:30:34,1903-02-04,23:30:34,2416150.48006
1903,4,雨水,330,1903-02-20,03:40:06,1903-02-19,19:40:06,2416165.320009
1903,5,惊蛰,345,1903-03-07,01:58:11,1903-03-06,17:58:11,2416180.249227
1903,6,春分,0,1903-03-22,03:14:05,1903-03-21,19:14:05,2416195.301935
1903,7,清明,15,1903-04-06,07:25:12,1903-04-05,23:25:12,2416210.476332
1903,8,谷雨,30,1903-04-21,14:57:57,1903-04-21,06:57:57,2416225.790737
1903,9,立夏,45,1903-05-07,01:24:41,1903-05-06,17:24:41,2416241.225968
1903,10,小满,60,1903-05-22,14:44:20,1903-05-22,06:44:20,2416256.781278
1903,11,芒种,75,1903-06-07,06:06:26,1903-06-06,22:06:26,2416272.421631
1903,12,夏至,90,1903-06-22,23:04:14,1903-06-22,15:04:14,2416288.128439
1903,13,小暑,105,1903-07-08,16:35:55,1903-07-08,08:35:55,2416303.858767
1903,14,大暑,120,1903-07-24,09:58:04,1903-07-24,01:58:04,2416319.582489
1903,15,立秋,135,1903-08-09,02:15:08,1903-08-08,18:15:08,2416335.261004
1903,16,处暑,150,1903-08-24,16:40:54,1903-08-24,08:40:54,2416350.862235
1903,17,白露,165,1903-09-09,04:41:39,1903-09-08,20:41:39,2416366.362756
1903,18,秋分,180,1903-09-24,13:43:00,1903-09-24,05:43:00,2416381.738689
1903,19,寒露,195,1903-10-09,19:41:02,1903-10-09,11:41:02,2416396.987323
1903,20,霜降,210,1903-10-24,22:22:22,1903-10-24,14:22:22,2416412.099358
1903,21,立冬,225,1903-11-08,22:12:42,1903-11-08,14:12:42,2416427.092643
1903,22,小雪,240,1903-11-23,19:20:44,1903-11-23,11:20:44,2416441.973224
1903,23,大雪,255,1903-12-08,14:34:38,1903-12-08,06:34:38,2416456.774548
1903,24,冬至,270,1903-12-23,08:19:45,1903-12-23,00:19:45,2416471.514206
1904,1,小寒,285,1904-01-07,01:36:22,1904-01-06,17:36:22,2416486.234082
1904,2,大寒,300,1904-01-21,18:57:10,1904-01-21,10:57:10,2416500.956859
1904,3,立春,315,1904-02-05,13:23:27,1904-02-05,05:23:27,2416515.725108
1904,4,雨水,330,1904-02-20,09:24:10,1904-02-20,01:24:10,2416530.558941
1904,5,惊蛰,345,1904-03-06,07:50:58,1904-03-05,23:50:58,2416545.494223
1904,6,春分,0,1904-03-21,08:57:53,1904-03-21,00:57:53,2416560.540686
1904,7,清明,15,1904-04-05,13:18:10,1904-04-05,05:18:10,2416575.721447
1904,8,谷雨,30,1904-04-20,20:41:28,1904-04-20,12:41:28,2416591.029292
1904,9,立夏,45,1904-05-06,07:17:54,1904-05-05,23:17:54,2416606.471258
1904,10,小满,60,1904-05-21,20:28:16,1904-05-21,12:28:16,2416622.020121
1904,11,芒种,75,1904-06-06,12:00:18,1904-06-06,04:00:18,2416637.667365
1904,12,夏至,90,1904-06-22,04:50:40,1904-06-21,20:50:40,2416653.369018
1904,13,小暑,105,1904-07-07,22:31:01,1904-07-07,14:31:01,2416669.105371
1904,14,大暑,120,1904-07-23,15:48:55,1904-07-23,07:48:55,2416684.826131
1904,15,立秋,135,1904-08-08,08:11:11,1904-08-08,00:11:11,2416700.508264
1904,16,处暑,150,1904-08-23,22:35:44,1904-08-23,14:35:44,2416716.108643
1904,17,白露,165,1904-09-08,10:37:19,1904-09-08,02:37:19,2416731.60974
1904,18,秋分,180,1904-09-23,19:39:33,1904-09-23,11:39:33,2416746.986288
1904,19,寒露,195,1904-10-09,01:34:55,1904-10-08,17:34:55,2416762.233077
1904,20,霜降,210,1904-10-24,04:18:23,1904-10-23,20:18:23,2416777.34659
1904,21,立冬,225,1904-11-08,04:04:19,1904-11-07,20:04:19,2416792.336831
1904,22,小雪,240,1904-11-23,01:15:13,1904-11-22,17:15:13,2416807.219396
1904,23,大雪,255,1904-12-07,20:24:42,1904-12-07,12:24:42,2416822.017645
1904,24,冬至,270,1904-12-22,14:13:17,1904-12-22,06:13:17,2416836.759716
1905,1,小寒,285,1905-01-06,07:26:28,1905-01-05,23:26:28,2416851.477207
1905,2,大寒,300,1905-01-21,00:51:16,1905-01-20,16:51:16,2416866.202759
1905,3,立春,315,1905-02-04,19:15:09,1905-02-04,11:15:09,2416880.969351
1905,4,雨水,330,1905-02-19,15:20:18,1905-02-19,07:20:18,2416895.806257
1905,5,惊蛰,345,1905-03-06,13:44:56,1905-03-06,05:44:56,2416910.740035
1905,6,春分,0,1905-03-21,14:56:52,1905-03-21,06:56:52,2416925.789981
1905,7,清明,15,1905-04-05,19:13:49,1905-04-05,11:13:49,2416940.968426
1905,8,谷雨,30,1905-04-21,02:43:05,1905-04-20,18:43:05,2416956.280418
1905,9,立夏,45,1905-05-06,13:13:25,1905-05-06,05:13:25,2416971.718148
1905,10,小满,60,1905-05-22,02:30:37,1905-05-21,18:30:37,2416987.271758
1905,11,芒种,75,1905-06-06,17:52:55,1905-06-06,09:52:55,2417002.912238
1905,12,夏至,90,1905-06-22,10:50:43,1905-06-22,02:50:43,2417018.619049
1905,13,小暑,105,1905-07-08,04:19:21,1905-07-07,20:19:21,2417034.347263
1905,14,大暑,120,1905-07-23,21:44:58,1905-07-23,13:44:58,2417050.073393
1905,15,立秋,135,1905-08-08,13:56:18,1905-08-08,05:56:18,2417065.747927
1905,16,处暑,150,1905-08-24,04:27:58,1905-08-23,20:27:58,2417081.353249
1905,17,白露,165,1905-09-08,16:21:08,1905-09-08,08:21:08,2417096.848502
1905,18,秋分,180,1905-09-24,01:29:18,1905-09-23,17:29:18,2417112.22918
1905,19,寒露,195,1905-10-09,07:18:58,1905-10-08,23:18:58,2417127.471994
1905,20,霜降,210,1905-10-24,10:07:18,1905-10-24,02:07:18,2417142.588892
1905,21,立冬,225,1905-11-08,09:49:08,1905-11-08,01:49:08,2417157.576284
1905,22,小雪,240,1905-11-23,07:04:15,1905-11-22,23:04:15,2417172.461784
1905,23,大雪,255,1905-12-08,02:10:09,1905-12-07,18:10:09,2417187.257546
1905,24,冬至,270,1905-12-22,20:03:04,1905-12-22,12:03:04,2417202.002622
1906,1,小寒,285,1906-01-06,13:12:49,1906-01-06,05:12:49,2417216.71773
1906,2,大寒,300,1906-01-21,06:42:37,1906-01-20,22:42:37,2417231.446758
1906,3,立春,315,1906-02-05,01:03:15,1906-02-04,17:03:15,2417246.211088
1906,4,雨水,330,1906-02-19,21:13:50,1906-02-19,13:13:50,2417261.051768
1906,5,惊蛰,345,1906-03-06,19:35:28,1906-03-06,11:35:28,2417275.983457
1906,6,春分,0,1906-03-21,20:52:10,1906-03-21,12:52:10,2417291.036721
1906,7,清明,15,1906-04-06,01:06:39,1906-04-05,17:06:39,2417306.213441
1906,8,谷雨,30,1906-04-21,08:38:33,1906-04-21,00:38:33,2417321.527263
1906,9,立夏,45,1906-05-06,19:07:50,1906-05-06,11:07:50,2417336.964272
1906,10,小满,60,1906-05-22,08:24:18,1906-05-22,00:24:18,2417352.517363
1906,11,芒种,75,1906-06-06,23:48:17,1906-06-06,15:48:17,2417368.15902
1906,12,夏至,90,1906-06-22,16:41:10,1906-06-22,08:41:10,2417383.862418
1906,13,小暑,105,1906-07-08,10:14:38,1906-07-08,02:14:38,2417399.593991
1906,14,大暑,120,1906-07-24,03:31:55,1906-07-23,19:31:55,2417415.314319
1906,15,立秋,135,1906-08-08,19:50:57,1906-08-08,11:50:57,2417430.994207
1906,16,处暑,150,1906-08-24,10:12:54,1906-08-24,02:12:54,2417446.592788
1906,17,白露,165,1906-09-08,22:15:36,1906-09-08,14:15:36,2417462.094656
1906,18,秋分,180,1906-09-24,07:14:22,1906-09-23,23:14:22,2417477.468804
1906,19,寒露,195,1906-10-09,13:14:17,1906-10-09,05:14:17,2417492.718745
1906,20,霜降,210,1906-10-24,15:54:06,1906-10-24,07:54:06,2417507.82973
1906,21,立冬,225,1906-11-08,15:46:17,1906-11-08,07:46:17,2417522.8243
1906,22,小雪,240,1906-11-23,12:53:14,1906-11-23,04:53:14,2417537.704127
1906,23,大雪,255,1906-12-08,08:08:49,1906-12-08,00:08:49,2417552.506618
1906,24,冬至,270,1906-12-23,01:52:40,1906-12-22,17:52:40,2417567.245406
1907,1,小寒,285,1907-01-06,19:10:47,1907-01-06,11:10:47,2417581.966321
1907,2,大寒,300,1907-01-21,12:30:10,1907-01-21,04:30:10,2417596.688112
1907,3,立春,315,1907-02-05,06:58:11,1907-02-04,22:58:11,2417611.457568
1907,4,雨水,330,1907-02-20,02:57:41,1907-02-19,18:57:41,2417626.290549
1907,5,惊蛰,345,1907-03-07,01:26:28,1907-03-06,17:26:28,2417641.227208
1907,6,春分,0,1907-03-22,02:32:23,1907-03-21,18:32:23,2417656.272977
1907,7,清明,15,1907-04-06,06:54:10,1907-04-05,22:54:10,2417671.454774
1907,8,谷雨,30,1907-04-21,14:16:36,1907-04-21,06:16:36,2417686.76202
1907,9,立夏,45,1907-05-07,00:52:59,1907-05-06,16:52:59,2417702.203958
1907,10,小满,60,1907-05-22,14:02:38,1907-05-22,06:02:38,2417717.752322
1907,11,芒种,75,1907-06-07,05:32:21,1907-06-06,21:32:21,2417733.397957
1907,12,夏至,90,1907-06-22,22:22:23,1907-06-22,14:22:23,2417749.099374
1907,13,小暑,105,1907-07-08,15:58:34,1907-07-08,07:58:34,2417764.832829
1907,14,大暑,120,1907-07-24,09:17:20,1907-07-24,01:17:20,2417780.554203
1907,15,立秋,135,1907-08-09,01:35:22,1907-08-08,17:35:22,2417796.233383
1907,16,处暑,150,1907-08-24,16:02:47,1907-08-24,08:02:47,2417811.835761
1907,17,白露,165,1907-09-09,04:01:27,1907-09-08,20:01:27,2417827.334832
1907,18,秋分,180,1907-09-24,13:08:18,1907-09-24,05:08:18,2417842.714586
1907,19,寒露,195,1907-10-09,19:02:07,1907-10-09,11:02:07,2417857.960293
1907,20,霜降,210,1907-10-24,21:50:56,1907-10-24,13:50:56,2417873.077533
1907,21,立冬,225,1907-11-08,21:35:42,1907-11-08,13:35:42,2417888.066952
1907,22,小雪,240,1907-11-23,18:51:28,1907-11-23,10:51:28,2417902.952902
1907,23,大雪,255,1907-12-08,13:58:51,1907-12-08,05:58:51,2417917.749697
1907,24,冬至,270,1907-12-23,07:50:57,1907-12-22,23:50:57,2417932.494208
1908,1,小寒,285,1908-01-07,01:00:32,1908-01-06,17:00:32,2417947.209198
1908,2,大寒,300,1908-01-21,18:27:29,1908-01-21,10:27:29,2417961.936243
1908,3,立春,315,1908-02-05,12:46:39,1908-02-05,04:46:39,2417976.699551
1908,4,雨水,330,1908-02-20,08:53:19,1908-02-20,00:53:19,2417991.537516
1908,5,惊蛰,345,1908-03-06,07:13:00,1908-03-05,23:13:00,2418006.467854
1908,6,春分,0,1908-03-21,08:26:38,1908-03-21,00:26:38,2418021.518992
1908,7,清明,15,1908-04-05,12:39:11,1908-04-05,04:39:11,2418036.694376
1908,8,谷雨,30,1908-04-20,20:10:39,1908-04-20,12:10:39,2418052.007895
1908,9,立夏,45,1908-05-06,06:37:45,1908-05-05,22:37:45,2418067.443371
1908,10,小满,60,1908-05-21,19:57:32,1908-05-21,11:57:32,2418082.998777
1908,11,芒种,75,1908-06-06,11:18:28,1908-06-06,03:18:28,2418098.638322
1908,12,夏至,90,1908-06-22,04:18:27,1908-06-21,20:18:27,2418114.346645
1908,13,小暑,105,1908-07-07,21:47:26,1908-07-07,13:47:26,2418130.075096
1908,14,大暑,120,1908-07-23,15:13:31,1908-07-23,07:13:31,2418145.801546
1908,15,立秋,135,1908-08-08,07:26:08,1908-08-07,23:26:08,2418161.476978
1908,16,处暑,150,1908-08-23,21:56:25,1908-08-23,13:56:25,2418177.081342
1908,17,白露,165,1908-09-08,09:51:43,1908-09-08,01:51:43,2418192.578079
1908,18,秋分,180,1908-09-23,18:57:41,1908-09-23,10:57:41,2418207.95722
1908,19,寒露,195,1908-10-09,00:50:17,1908-10-08,16:50:17,2418223.202083
1908,20,霜降,210,1908-10-24,03:36:14,1908-10-23,19:36:14,2418238.317321
1908,21,立冬,225,1908-11-08,03:21:28,1908-11-07,19:21:28,2418253.307068
1908,22,小雪,240,1908-11-23,00:34:04,1908-11-22,16:34:04,2418268.190814
1908,23,大雪,255,1908-12-07,19:43:04,1908-12-07,11:43:04,2418282.988731
1908,24,冬至,270,1908-12-22,13:32:51,1908-12-22,05:32:51,2418297.73164
1909,1,小寒,285,1909-01-06,06:44:40,1909-01-05,22:44:40,2418312.448179
1909,2,大寒,300,1909-01-21,00:10:22,1909-01-20,16:10:22,2418327.174363
1909,3,立春,315,1909-02-04,18:31:58,1909-02-04,10:31:58,2418341.939363
1909,4,雨水,330,1909-02-19,14:37:47,1909-02-19,06:37:47,2418356.776733
1909,5,惊蛰,345,1909-03-06,13:00:14,1909-03-06,05:00:14,2418371.708986
1909,6,春分,0,1909-03-21,14:12:23,1909-03-21,06:12:23,2418386.759093
1909,7,清明,15,1909-04-05,18:28:51,1909-04-05,10:28:51,2418401.937198
1909,8,谷雨,30,1909-04-21,01:57:11,1909-04-20,17:57:11,2418417.248542
1909,9,立夏,45,1909-05-06,12:30:16,1909-05-06,04:30:16,2418432.688175
1909,10,小满,60,1909-05-22,01:44:19,1909-05-21,17:44:19,2418448.239598
1909,11,芒种,75,1909-06-06,17:13:23,1909-06-06,09:13:23,2418463.884783
1909,12,夏至,90,1909-06-22,10:04:58,1909-06-22,02:04:58,2418479.587282
1909,13,小暑,105,1909-07-08,03:43:24,1909-07-07,19:43:24,2418495.322302
1909,14,大暑,120,1909-07-23,20:59:54,1909-07-23,12:59:54,2418511.04209
1909,15,立秋,135,1909-08-08,13:21:55,1909-08-08,05:21:55,2418526.724052
1909,16,处暑,150,1909-08-24,03:42:58,1909-08-23,19:42:58,2418542.322004
1909,17,白露,165,1909-09-08,15:46:02,1909-09-08,07:46:02,2418557.824129
1909,18,秋分,180,1909-09-24,00:43:57,1909-09-23,16:43:57,2418573.197683
1909,19,寒露,195,1909-10-09,06:42:35,1909-10-08,22:42:35,2418588.446728
1909,20,霜降,210,1909-10-24,09:21:58,1909-10-24,01:21:58,2418603.557414
1909,21,立冬,225,1909-11-08,09:12:30,1909-11-08,01:12:30,2418618.550846
1909,22,小雪,240,1909-11-23,06:19:42,1909-11-22,22:19:42,2418633.43084
1909,23,大雪,255,1909-12-08,01:34:17,1909-12-07,17:34:17,2418648.232634
1909,24,冬至,270,1909-12-22,19:19:15,1909-12-22,11:19:15,2418662.97219
1910,1,小寒,285,1910-01-06,12:37:25,1910-01-06,04:37:25,2418677.693143
1910,2,大寒,300,1910-01-21,05:58:24,1910-01-20,21:58:24,2418692.416051
1910,3,立春,315,1910-02-05,00:26:50,1910-02-04,16:26:50,2418707.185795
1910,4,雨水,330,1910-02-19,20:27:35,1910-02-19,12:27:35,2418722.019648
1910,5,惊蛰,345,1910-03-06,18:55:59,1910-03-06,10:55:59,2418736.956037
1910,6,春分,0,1910-03-21,20:02:20,1910-03-21,12:02:20,2418752.00211
1910,7,清明,15,1910-04-06,00:22:23,1910-04-05,16:22:23,2418767.182707
1910,8,谷雨,30,1910-04-21,07:45:10,1910-04-20,23:45:10,2418782.490191
1910,9,立夏,45,1910-05-06,18:18:47,1910-05-06,10:18:47,2418797.93021
1910,10,小满,60,1910-05-22,07:29:36,1910-05-21,23:29:36,2418813.47938
1910,11,芒种,75,1910-06-06,22:55:49,1910-06-06,14:55:49,2418829.122588
1910,12,夏至,90,1910-06-22,15:48:09,1910-06-22,07:48:09,2418844.825597
1910,13,小暑,105,1910-07-08,09:20:30,1910-07-08,01:20:30,2418860.556397
1910,14,大暑,120,1910-07-24,02:42:24,1910-07-23,18:42:24,2418876.27994
1910,15,立秋,135,1910-08-08,18:56:38,1910-08-08,10:56:38,2418891.956486
1910,16,处暑,150,1910-08-24,09:26:48,1910-08-24,01:26:48,2418907.560776
1910,17,白露,165,1910-09-08,21:21:39,1910-09-08,13:21:39,2418923.0572
1910,18,秋分,180,1910-09-24,06:30:11,1910-09-23,22:30:11,2418938.438124
1910,19,寒露,195,1910-10-09,12:20:35,1910-10-09,04:20:35,2418953.681452
1910,20,霜降,210,1910-10-24,15:10:35,1910-10-24,07:10:35,2418968.799508
1910,21,立冬,225,1910-11-08,14:52:53,1910-11-08,06:52:53,2418983.787215
1910,22,小雪,240,1910-11-23,12:10:18,1910-11-23,04:10:18,2418998.674312
1910,23,大雪,255,1910-12-08,07:16:22,1910-12-07,23:16:22,2419013.470198
1910,24,冬至,270,1910-12-23,01:11:12,1910-12-22,17:11:12,2419028.2166
1911,1,小寒,285,1911-01-06,18:20:22,1911-01-06,10:20:22,2419042.931304
1911,2,大寒,300,1911-01-21,11:50:53,1911-01-21,03:50:53,2419057.660826
1911,3,立春,315,1911-02-05,06:09:46,1911-02-04,22:09:46,2419072.423938
1911,4,雨水,330,1911-02-20,02:19:46,1911-02-19,18:19:46,2419087.264224
1911,5,惊蛰,345,1911-03-07,00:38:19,1911-03-06,16:38:19,2419102.193769
1911,6,春分,0,1911-03-22,01:53:49,1911-03-21,17:53:49,2419117.246206
1911,7,清明,15,1911-04-06,06:04:00,1911-04-05,22:04:00,2419132.419938
1911,8,谷雨,30,1911-04-21,13:35:24,1911-04-21,05:35:24,2419147.733414
1911,9,立夏,45,1911-05-06,23:59:46,1911-05-06,15:59:46,2419163.167001
1911,10,小满,60,1911-05-22,13:18:02,1911-05-22,05:18:02,2419178.721351
1911,11,芒种,75,1911-06-07,04:37:21,1911-06-06,20:37:21,2419194.359767
1911,12,夏至,90,1911-06-22,21:35:00,1911-06-22,13:35:00,2419210.066467
1911,13,小暑,105,1911-07-08,15:04:24,1911-07-08,07:04:24,2419225.795217
1911,14,大暑,120,1911-07-24,08:28:07,1911-07-24,00:28:07,2419241.520021
1911,15,立秋,135,1911-08-09,00:43:54,1911-08-08,16:43:54,2419257.197643
1911,16,处暑,150,1911-08-24,15:12:27,1911-08-24,07:12:27,2419272.800802
1911,17,白露,165,1911-09-09,03:12:45,1911-09-08,19:12:45,2419288.301015
1911,18,秋分,180,1911-09-24,12:17:00,1911-09-24,04:17:00,2419303.67897
1911,19,寒露,195,1911-10-09,18:14:24,1911-10-09,10:14:24,2419318.927165
1911,20,霜降,210,1911-10-24,20:57:41,1911-10-24,12:57:41,2419334.040547
1911,21,立冬,225,1911-11-08,20:46:29,1911-11-08,12:46:29,2419349.032777
1911,22,小雪,240,1911-11-23,17:55:23,1911-11-23,09:55:23,2419363.91396
1911,23,大雪,255,1911-12-08,13:07:04,1911-12-08,05:07:04,2419378.713732
1911,24,冬至,270,1911-12-23,06:52:40,1911-12-22,22:52:40,2419393.453735
1912,1,小寒,285,1912-01-07,00:06:59,1912-01-06,16:06:59,2419408.17201
1912,2,大寒,300,1912-01-21,17:28:37,1912-01-21,09:28:37,2419422.895361
1912,3,立春,315,1912-02-05,11:53:02,1912-02-05,03:53:02,2419437.66232
1912,4,雨水,330,1912-02-20,07:55:05,1912-02-19,23:55:05,2419452.497075
1912,5,惊蛰,345,1912-03-06,06:20:30,1912-03-05,22:20:30,2419467.431391
1912,6,春分,0,1912-03-21,07:28:49,1912-03-20,23:28:49,2419482.478844
1912,7,清明,15,1912-04-05,11:47:45,1912-04-05,03:47:45,2419497.658653
1912,8,谷雨,30,1912-04-20,19:11:51,1912-04-20,11:11:51,2419512.967054
1912,9,立夏,45,1912-05-06,05:46:33,1912-05-05,21:46:33,2419528.40782
1912,10,小满,60,1912-05-21,18:56:36,1912-05-21,10:56:36,2419543.956467
1912,11,芒种,75,1912-06-06,10:27:00,1912-06-06,02:27:00,2419559.602575
1912,12,夏至,90,1912-06-22,03:16:22,1912-06-21,19:16:22,2419575.303525
1912,13,小暑,105,1912-07-07,20:56:13,1912-07-07,12:56:13,2419591.039536
1912,14,大暑,120,1912-07-23,14:13:11,1912-07-23,06:13:11,2419606.759644
1912,15,立秋,135,1912-08-08,06:36:43,1912-08-07,22:36:43,2419622.442663
1912,16,处暑,150,1912-08-23,21:00:50,1912-08-23,13:00:50,2419638.042736
1912,17,白露,165,1912-09-08,09:05:11,1912-09-08,01:05:11,2419653.545762
1912,18,秋分,180,1912-09-23,18:07:30,1912-09-23,10:07:30,2419668.922368
1912,19,寒露,195,1912-10-09,00:06:14,1912-10-08,16:06:14,2419684.171491
1912,20,霜降,210,1912-10-24,02:49:31,1912-10-23,18:49:31,2419699.28488
1912,21,立冬,225,1912-11-08,02:38:10,1912-11-07,18:38:10,2419714.277
1912,22,小雪,240,1912-11-22,23:47:40,1912-11-22,15:47:40,2419729.158591
1912,23,大雪,255,1912-12-07,18:58:25,1912-12-07,10:58:25,2419743.957731
1912,24,冬至,270,1912-12-22,12:44:11,1912-12-22,04:44:11,2419758.697844
1913,1,小寒,285,1913-01-06,05:57:26,1913-01-05,21:57:26,2419773.415378
1913,2,大寒,300,1913-01-20,23:18:36,1913-01-20,15:18:36,2419788.138413
1913,3,立春,315,1913-02-04,17:42:10,1913-02-04,09:42:10,2419802.904773
1913,4,雨水,330,1913-02-19,13:43:43,1913-02-19,05:43:43,2419817.739191
1913,5,惊蛰,345,1913-03-06,12:08:29,1913-03-06,04:08:29,2419832.673056
1913,6,春分,0,1913-03-21,13:17:27,1913-03-21,05:17:27,2419847.720944
1913,7,清明,15,1913-04-05,17:35:23,1913-04-05,09:35:23,2419862.900061
1913,8,谷雨,30,1913-04-21,01:02:22,1913-04-20,17:02:22,2419878.210472
1913,9,立夏,45,1913-05-06,11:34:10,1913-05-06,03:34:10,2419893.649226
1913,10,小满,60,1913-05-22,00:49:22,1913-05-21,16:49:22,2419909.201446
1913,11,芒种,75,1913-06-06,16:12:56,1913-06-06,08:12:56,2419924.842812
1913,12,夏至,90,1913-06-22,09:08:59,1913-06-22,01:08:59,2419940.548395
1913,13,小暑,105,1913-07-08,02:38:25,1913-07-07,18:38:25,2419956.277167
1913,14,大暑,120,1913-07-23,20:03:14,1913-07-23,12:03:14,2419972.00274
1913,15,立秋,135,1913-08-08,12:15:20,1913-08-08,04:15:20,2419987.677806
1913,16,处暑,150,1913-08-24,02:47:43,1913-08-23,18:47:43,2420003.283629
1913,17,白露,165,1913-09-08,14:41:55,1913-09-08,06:41:55,2420018.779601
1913,18,秋分,180,1913-09-23,23:52:15,1913-09-23,15:52:15,2420034.161781
1913,19,寒露,195,1913-10-09,05:43:11,1913-10-08,21:43:11,2420049.405479
1913,20,霜降,210,1913-10-24,08:34:22,1913-10-24,00:34:22,2420064.524358
1913,21,立冬,225,1913-11-08,08:17:14,1913-11-08,00:17:14,2420079.51246
1913,22,小雪,240,1913-11-23,05:34:45,1913-11-22,21:34:45,2420094.399627
1913,23,大雪,255,1913-12-08,00:40:34,1913-12-07,16:40:34,2420109.195329
1913,24,冬至,270,1913-12-22,18:34:24,1913-12-22,10:34:24,2420123.941045
1914,1,小寒,285,1914-01-06,11:42:24,1914-01-06,03:42:24,2420138.654939
1914,2,大寒,300,1914-01-21,05:11:21,1914-01-20,21:11:21,2420153.383374
1914,3,立春,315,1914-02-04,23:28:50,1914-02-04,15:28:50,2420168.145512
1914,4,雨水,330,1914-02-19,19:37:27,1914-02-19,11:37:27,2420182.98483
1914,5,惊蛰,345,1914-03-06,17:55:23,1914-03-06,09:55:23,2420197.913949
1914,6,春分,0,1914-03-21,19:10:14,1914-03-21,11:10:14,2420212.965936
1914,7,清明,15,1914-04-05,23:21:23,1914-04-05,15:21:23,2420228.140348
1914,8,谷雨,30,1914-04-21,06:52:44,1914-04-20,22:52:44,2420243.453786
1914,9,立夏,45,1914-05-06,17:19:35,1914-05-06,09:19:35,2420258.889091
1914,10,小满,60,1914-05-22,06:37:10,1914-05-21,22:37:10,2420274.442967
1914,11,芒种,75,1914-06-06,21:59:29,1914-06-06,13:59:29,2420290.083468
1914,12,夏至,90,1914-06-22,14:54:33,1914-06-22,06:54:33,2420305.78838
1914,13,小暑,105,1914-07-08,08:26:45,1914-07-08,00:26:45,2420321.519074
1914,14,大暑,120,1914-07-24,01:46:27,1914-07-23,17:46:27,2420337.241083
1914,15,立秋,135,1914-08-08,18:04:45,1914-08-08,10:04:45,2420352.92046
1914,16,处暑,150,1914-08-24,08:29:08,1914-08-24,00:29:08,2420368.520724
1914,17,白露,165,1914-09-08,20:32:00,1914-09-08,12:32:00,2420384.022717
1914,18,秋分,180,1914-09-24,05:33:19,1914-09-23,21:33:19,2420399.39863
1914,19,寒露,195,1914-10-09,11:34:20,1914-10-09,03:34:20,2420414.649342
1914,20,霜降,210,1914-10-24,14:16:48,1914-10-24,06:16:48,2420429.762156
1914,21,立冬,225,1914-11-08,14:10:34,1914-11-08,06:10:34,2420444.757833
1914,22,小雪,240,1914-11-23,11:19:54,1914-11-23,03:19:54,2420459.639309
1914,23,大雪,255,1914-12-08,06:36:39,1914-12-07,22:36:39,2420474.442614
1914,24,冬至,270,1914-12-23,00:21:56,1914-12-22,16:21:56,2420489.182396
1915,1,小寒,285,1915-01-06,17:39:50,1915-01-06,09:39:50,2420503.903158
1915,2,大寒,300,1915-01-21,10:59:04,1915-01-21,02:59:04,2420518.624848
1915,3,立春,315,1915-02-05,05:24:59,1915-02-04,21:24:59,2420533.392843
1915,4,雨水,330,1915-02-20,01:22:37,1915-02-19,17:22:37,2420548.224533
1915,5,惊蛰,345,1915-03-06,23:47:49,1915-03-06,15:47:49,2420563.158703
1915,6,春分,0,1915-03-22,00:50:48,1915-03-21,16:50:48,2420578.202443
1915,7,清明,15,1915-04-06,05:08:48,1915-04-05,21:08:48,2420593.381606
1915,8,谷雨,30,1915-04-21,12:28:20,1915-04-21,04:28:20,2420608.686839
1915,9,立夏,45,1915-05-06,23:02:18,1915-05-06,15:02:18,2420624.12709
1915,10,小满,60,1915-05-22,12:09:58,1915-05-22,04:09:58,2420639.674079
1915,11,芒种,75,1915-06-07,03:39:41,1915-06-06,19:39:41,2420655.319715
1915,12,夏至,90,1915-06-22,20:28:54,1915-06-22,12:28:54,2420671.020567
1915,13,小暑,105,1915-07-08,14:07:19,1915-07-08,06:07:19,2420686.755576
1915,14,大暑,120,1915-07-24,07:25:56,1915-07-23,23:25:56,2420702.476837
1915,15,立秋,135,1915-08-08,23:47:16,1915-08-08,15:47:16,2420718.158316
1915,16,处暑,150,1915-08-24,14:14:34,1915-08-24,06:14:34,2420733.760606
1915,17,白露,165,1915-09-09,02:16:40,1915-09-08,18:16:40,2420749.262064
1915,18,秋分,180,1915-09-24,11:23:20,1915-09-24,03:23:20,2420764.641698
1915,19,寒露,195,1915-10-09,17:20:27,1915-10-09,09:20:27,2420779.889691
1915,20,霜降,210,1915-10-24,20:09:13,1915-10-24,12:09:13,2420795.006894
1915,21,立冬,225,1915-11-08,19:57:12,1915-11-08,11:57:12,2420809.998549
1915,22,小雪,240,1915-11-23,17:13:01,1915-11-23,09:13:01,2420824.884536
1915,23,大雪,255,1915-12-08,12:23:28,1915-12-08,04:23:28,2420839.683455
1915,24,冬至,270,1915-12-23,06:15:19,1915-12-22,22:15:19,2420854.427799
1916,1,小寒,285,1916-01-06,23:27:22,1916-01-06,15:27:22,2420869.144501
1916,2,大寒,300,1916-01-21,16:53:08,1916-01-21,08:53:08,2420883.870728
1916,3,立春,315,1916-02-05,11:13:34,1916-02-05,03:13:34,2420898.634915
1916,4,雨水,330,1916-02-20,07:17:33,1916-02-19,23:17:33,2420913.471018
1916,5,惊蛰,345,1916-03-06,05:36:57,1916-03-05,21:36:57,2420928.401151
1916,6,春分,0,1916-03-21,06:46:25,1916-03-20,22:46:25,2420943.449399
1916,7,清明,15,1916-04-05,10:57:25,1916-04-05,02:57:25,2420958.623699
1916,8,谷雨,30,1916-04-20,18:24:10,1916-04-20,10:24:10,2420973.933946
1916,9,立夏,45,1916-05-06,04:49:22,1916-05-05,20:49:22,2420989.368111
1916,10,小满,60,1916-05-21,18:05:26,1916-05-21,10:05:26,2421004.920929
1916,11,芒种,75,1916-06-06,09:25:16,1916-06-06,01:25:16,2421020.559707
1916,12,夏至,90,1916-06-22,02:23:58,1916-06-21,18:23:58,2421036.267136
1916,13,小暑,105,1916-07-07,19:53:10,1916-07-07,11:53:10,2421051.995746
1916,14,大暑,120,1916-07-23,13:20:44,1916-07-23,05:20:44,2421067.72323
1916,15,立秋,135,1916-08-08,05:34:32,1916-08-07,21:34:32,2421083.399473
1916,16,处暑,150,1916-08-23,20:08:06,1916-08-23,12:08:06,2421099.006123
1916,17,白露,165,1916-09-08,08:04:35,1916-09-08,00:04:35,2421114.503679
1916,18,秋分,180,1916-09-23,17:14:19,1916-09-23,09:14:19,2421129.885431
1916,19,寒露,195,1916-10-08,23:07:26,1916-10-08,15:07:26,2421145.130661
1916,20,霜降,210,1916-10-24,01:56:47,1916-10-23,17:56:47,2421160.248254
1916,21,立冬,225,1916-11-08,01:41:51,1916-11-07,17:41:51,2421175.237888
1916,22,小雪,240,1916-11-22,22:57:21,1916-11-22,14:57:21,2421190.123651
1916,23,大雪,255,1916-12-07,18:05:46,1916-12-07,10:05:46,2421204.921164
1916,24,冬至,270,1916-12-22,11:58:07,1916-12-22,03:58:07,2421219.665852
1917,1,小寒,285,1917-01-06,05:09:04,1917-01-05,21:09:04,2421234.381788
1917,2,大寒,300,1917-01-20,22:36:56,1917-01-20,14:36:56,2421249.10947
1917,3,立春,315,1917-02-04,16:57:08,1917-02-04,08:57:08,2421263.873503
1917,4,雨水,330,1917-02-19,13:04:21,1917-02-19,05:04:21,2421278.711854
1917,5,惊蛰,345,1917-03-06,11:24:23,1917-03-06,03:24:23,2421293.642429
1917,6,春分,0,1917-03-21,12:36:48,1917-03-21,04:36:48,2421308.692717
1917,7,清明,15,1917-04-05,16:49:29,1917-04-05,08:49:29,2421323.868192
1917,8,谷雨,30,1917-04-21,00:16:58,1917-04-20,16:16:58,2421339.178948
1917,9,立夏,45,1917-05-06,10:45:18,1917-05-06,02:45:18,2421354.615281
1917,10,小满,60,1917-05-21,23:58:08,1917-05-21,15:58:08,2421370.165866
1917,11,芒种,75,1917-06-06,15:22:47,1917-06-06,07:22:47,2421385.807985
1917,12,夏至,90,1917-06-22,08:13:53,1917-06-22,00:13:53,2421401.510136
1917,13,小暑,105,1917-07-08,01:49:49,1917-07-07,17:49:49,2421417.243427
1917,14,大暑,120,1917-07-23,19:07:22,1917-07-23,11:07:22,2421432.963941
1917,15,立秋,135,1917-08-08,11:29:44,1917-08-08,03:29:44,2421448.646138
1917,16,处暑,150,1917-08-24,01:53:15,1917-08-23,17:53:15,2421464.245804
1917,17,白露,165,1917-09-08,13:58:56,1917-09-08,05:58:56,2421479.749753
1917,18,秋分,180,1917-09-23,22:59:43,1917-09-23,14:59:43,2421495.125303
1917,19,寒露,195,1917-10-09,05:01:44,1917-10-08,21:01:44,2421510.376696
1917,20,霜降,210,1917-10-24,07:43:14,1917-10-23,23:43:14,2421525.488855
1917,21,立冬,225,1917-11-08,07:36:31,1917-11-07,23:36:31,2421540.484186
1917,22,小雪,240,1917-11-23,04:44:30,1917-11-22,20:44:30,2421555.364729
1917,23,大雪,255,1917-12-08,00:00:37,1917-12-07,16:00:37,2421570.167588
1917,24,冬至,270,1917-12-22,17:45:15,1917-12-22,09:45:15,2421584.906923
1918,1,小寒,285,1918-01-06,11:04:02,1918-01-06,03:04:02,2421599.628293
1918,2,大寒,300,1918-01-21,04:24:09,1918-01-20,20:24:09,2421614.350596
1918,3,立春,315,1918-02-04,22:52:43,1918-02-04,14:52:43,2421629.120433
1918,4,雨水,330,1918-02-19,18:52:17,1918-02-19,10:52:17,2421643.953471
1918,5,惊蛰,345,1918-03-06,17:20:33,1918-03-06,09:20:33,2421658.889762
1918,6,春分,0,1918-03-21,18:25:12,1918-03-21,10:25:12,2421673.934664
1918,7,清明,15,1918-04-05,22:44:49,1918-04-05,14:44:49,2421689.114945
1918,8,谷雨,30,1918-04-21,06:04:59,1918-04-20,22:04:59,2421704.420616
1918,9,立夏,45,1918-05-06,16:37:48,1918-05-06,08:37:48,2421719.860081
1918,10,小满,60,1918-05-22,05:45:04,1918-05-21,21:45:04,2421735.406792
1918,11,芒种,75,1918-06-06,21:10:36,1918-06-06,13:10:36,2421751.049516
1918,12,夏至,90,1918-06-22,13:59:12,1918-06-22,05:59:12,2421766.749934
1918,13,小暑,105,1918-07-08,07:31:46,1918-07-07,23:31:46,2421782.480884
1918,14,大暑,120,1918-07-24,00:51:00,1918-07-23,16:51:00,2421798.20258
1918,15,立秋,135,1918-08-08,17:07:02,1918-08-08,09:07:02,2421813.880379
1918,16,处暑,150,1918-08-24,07:36:44,1918-08-23,23:36:44,2421829.484338
1918,17,白露,165,1918-09-08,19:35:04,1918-09-08,11:35:04,2421844.98318
1918,18,秋分,180,1918-09-24,04:45:14,1918-09-23,20:45:14,2421860.365238
1918,19,寒露,195,1918-10-09,10:39:55,1918-10-09,02:39:55,2421875.611544
1918,20,霜降,210,1918-10-24,13:32:22,1918-10-24,05:32:22,2421890.73131
1918,21,立冬,225,1918-11-08,13:18:29,1918-11-08,05:18:29,2421905.721666
1918,22,小雪,240,1918-11-23,10:37:39,1918-11-23,02:37:39,2421920.609972
1918,23,大雪,255,1918-12-08,05:46:08,1918-12-07,21:46:08,2421935.407528
1918,24,冬至,270,1918-12-22,23:41:05,1918-12-22,15:41:05,2421950.154028
1919,1,小寒,285,1919-01-06,16:51:06,1919-01-06,08:51:06,2421964.869314
1919,2,大寒,300,1919-01-21,10:20:18,1919-01-21,02:20:18,2421979.597927
1919,3,立春,315,1919-02-05,04:39:01,1919-02-04,20:39:01,2421994.36092
1919,4,雨水,330,1919-02-20,00:47:03,1919-02-19,16:47:03,2422009.199833
1919,5,惊蛰,345,1919-03-06,23:05:06,1919-03-06,15:05:06,2422024.129037
1919,6,春分,0,1919-03-22,00:18:43,1919-03-21,16:18:43,2422039.180157
1919,7,清明,15,1919-04-06,04:28:20,1919-04-05,20:28:20,2422054.353502
1919,8,谷雨,30,1919-04-21,11:58:13,1919-04-21,03:58:13,2422069.665926
1919,9,立夏,45,1919-05-06,22:21:38,1919-05-06,14:21:38,2422085.09885
1919,10,小满,60,1919-05-22,11:38:42,1919-05-22,03:38:42,2422100.652375
1919,11,芒种,75,1919-06-07,02:56:15,1919-06-06,18:56:15,2422116.289559
1919,12,夏至,90,1919-06-22,19:53:10,1919-06-22,11:53:10,2422131.995745
1919,13,小暑,105,1919-07-08,13:20:10,1919-07-08,05:20:10,2422147.722827
1919,14,大暑,120,1919-07-24,06:44:06,1919-07-23,22:44:06,2422163.447781
1919,15,立秋,135,1919-08-08,22:57:39,1919-08-08,14:57:39,2422179.123864
1919,16,处暑,150,1919-08-24,13:27:56,1919-08-24,05:27:56,2422194.728221
1919,17,白露,165,1919-09-09,01:27:15,1919-09-08,17:27:15,2422210.227756
1919,18,秋分,180,1919-09-24,10:34:57,1919-09-24,02:34:57,2422225.608103
1919,19,寒露,195,1919-10-09,16:32:58,1919-10-09,08:32:58,2422240.856718
1919,20,霜降,210,1919-10-24,19:20:53,1919-10-24,11:20:53,2422255.973333
1919,21,立冬,225,1919-11-08,19:11:09,1919-11-08,11:11:09,2422270.966571
1919,22,小雪,240,1919-11-23,16:24:48,1919-11-23,08:24:48,2422285.851044
1919,23,大雪,255,1919-12-08,11:37:26,1919-12-08,03:37:26,2422300.651495
1919,24,冬至,270,1919-12-23,05:26:41,1919-12-22,21:26:41,2422315.394019
1920,1,小寒,285,1920-01-06,22:40:26,1920-01-06,14:40:26,2422330.111905
1920,2,大寒,300,1920-01-21,16:03:58,1920-01-21,08:03:58,2422344.836581
1920,3,立春,315,1920-02-05,10:26:05,1920-02-05,02:26:05,2422359.601939
1920,4,雨水,330,1920-02-20,06:28:35,1920-02-19,22:28:35,2422374.437011
1920,5,惊蛰,345,1920-03-06,04:50:40,1920-03-05,20:50:40,2422389.369017
1920,6,春分,0,1920-03-21,05:58:53,1920-03-20,21:58:53,2422404.416388
1920,7,清明,15,1920-04-05,10:14:33,1920-04-05,02:14:33,2422419.59393
1920,8,谷雨,30,1920-04-20,17:38:45,1920-04-20,09:38:45,2422434.9024
1920,9,立夏,45,1920-05-06,04:10:56,1920-05-05,20:10:56,2422450.341415
1920,10,小满,60,1920-05-21,17:21:21,1920-05-21,09:21:21,2422465.890321
1920,11,芒种,75,1920-06-06,08:50:01,1920-06-06,00:50:01,2422481.535232
1920,12,夏至,90,1920-06-22,01:39:25,1920-06-21,17:39:25,2422497.236198
1920,13,小暑,105,1920-07-07,19:18:15,1920-07-07,11:18:15,2422512.971502
1920,14,大暑,120,1920-07-23,12:34:32,1920-07-23,04:34:32,2422528.691144
1920,15,立秋,135,1920-08-08,04:57:53,1920-08-07,20:57:53,2422544.374025
1920,16,处暑,150,1920-08-23,19:20:53,1920-08-23,11:20:53,2422559.973332
1920,17,白露,165,1920-09-08,07:26:11,1920-09-07,23:26:11,2422575.477011
1920,18,秋分,180,1920-09-23,16:27:43,1920-09-23,08:27:43,2422590.853079
1920,19,寒露,195,1920-10-08,22:28:48,1920-10-08,14:28:48,2422606.103831
1920,20,霜降,210,1920-10-24,01:12:17,1920-10-23,17:12:17,2422621.217361
1920,21,立冬,225,1920-11-08,01:04:34,1920-11-07,17:04:34,2422636.211999
1920,22,小雪,240,1920-11-22,22:15:03,1920-11-22,14:15:03,2422651.094274
1920,23,大雪,255,1920-12-07,17:29:56,1920-12-07,09:29:56,2422665.896282
1920,24,冬至,270,1920-12-22,11:16:35,1920-12-22,03:16:35,2422680.637014
1921,1,小寒,285,1921-01-06,04:33:20,1921-01-05,20:33:20,2422695.356975
1921,2,大寒,300,1921-01-20,21:54:18,1921-01-20,13:54:18,2422710.07987
1921,3,立春,315,1921-02-04,16:19:51,1921-02-04,08:19:51,2422724.847609
1921,4,雨水,330,1921-02-19,12:19:36,1921-02-19,04:19:36,2422739.680767
1921,5,惊蛰,345,1921-03-06,10:44:47,1921-03-06,02:44:47,2422754.614932
1921,6,春分,0,1921-03-21,11:50:38,1921-03-21,03:50:38,2422769.660659
1921,7,清明,15,1921-04-05,16:08:21,1921-04-05,08:08:21,2422784.83962
1921,8,谷雨,30,1921-04-20,23:31:54,1921-04-20,15:31:54,2422800.147646
1921,9,立夏,45,1921-05-06,10:03:57,1921-05-06,02:03:57,2422815.586572
1921,10,小满,60,1921-05-21,23:16:21,1921-05-21,15:16:21,2422831.136853
1921,11,芒种,75,1921-06-06,14:41:06,1921-06-06,06:41:06,2422846.779035
1921,12,夏至,90,1921-06-22,07:35:16,1921-06-21,23:35:16,2422862.483312
1921,13,小暑,105,1921-07-08,01:06:14,1921-07-07,17:06:14,2422878.213157
1921,14,大暑,120,1921-07-23,18:29:54,1921-07-23,10:29:54,2422893.937922
1921,15,立秋,135,1921-08-08,10:43:04,1921-08-08,02:43:04,2422909.61374
1921,16,处暑,150,1921-08-24,01:14:46,1921-08-23,17:14:46,2422925.219082
1921,17,白露,165,1921-09-08,13:09:18,1921-09-08,05:09:18,2422940.71529
1921,18,秋分,180,1921-09-23,22:19:22,1921-09-23,14:19:22,2422956.097272
1921,19,寒露,195,1921-10-09,04:10:16,1921-10-08,20:10:16,2422971.340952
1921,20,霜降,210,1921-10-24,07:01:55,1921-10-23,23:01:55,2422986.460159
1921,21,立冬,225,1921-11-08,06:45:09,1921-11-07,22:45:09,2423001.448519
1921,22,小雪,240,1921-11-23,04:04:08,1921-11-22,20:04:08,2423016.336695
1921,23,大雪,255,1921-12-07,23:11:05,1921-12-07,15:11:05,2423031.13319
1921,24,冬至,270,1921-12-22,17:07:03,1921-12-22,09:07:03,2423045.880386
1922,1,小寒,285,1922-01-06,10:16:34,1922-01-06,02:16:34,2423060.595336
1922,2,大寒,300,1922-01-21,03:47:33,1922-01-20,19:47:33,2423075.325186
1922,3,立春,315,1922-02-04,22:06:04,1922-02-04,14:06:04,2423090.088039
1922,4,雨水,330,1922-02-19,18:15:48,1922-02-19,10:15:48,2423104.92813
1922,5,惊蛰,345,1922-03-06,16:33:29,1922-03-06,08:33:29,2423119.85708
1922,6,春分,0,1922-03-21,17:48:12,1922-03-21,09:48:12,2423134.908969
1922,7,清明,15,1922-04-05,21:57:40,1922-04-05,13:57:40,2423150.082209
1922,8,谷雨,30,1922-04-21,05:28:11,1922-04-20,21:28:11,2423165.39507
1922,9,立夏,45,1922-05-06,15:52:31,1922-05-06,07:52:31,2423180.82863
1922,10,小满,60,1922-05-22,05:09:53,1922-05-21,21:09:53,2423196.382354
1922,11,芒种,75,1922-06-06,20:29:56,1922-06-06,12:29:56,2423212.021276
1922,12,夏至,90,1922-06-22,13:26:19,1922-06-22,05:26:19,2423227.727101
1922,13,小暑,105,1922-07-08,06:57:06,1922-07-07,22:57:06,2423243.456809
1922,14,大暑,120,1922-07-24,00:19:17,1922-07-23,16:19:17,2423259.180557
1922,15,立秋,135,1922-08-08,16:36:47,1922-08-08,08:36:47,2423274.859376
1922,16,处暑,150,1922-08-24,07:03:49,1922-08-23,23:03:49,2423290.461474
1922,17,白露,165,1922-09-08,19:05:59,1922-09-08,11:05:59,2423305.962978
1922,18,秋分,180,1922-09-24,04:09:11,1922-09-23,20:09:11,2423321.340206
1922,19,寒露,195,1922-10-09,10:09:05,1922-10-09,02:09:05,2423336.590136
1922,20,霜降,210,1922-10-24,12:52:32,1922-10-24,04:52:32,2423351.703643
1922,21,立冬,225,1922-11-08,12:44:52,1922-11-08,04:44:52,2423366.698317
1922,22,小雪,240,1922-11-23,09:54:50,1922-11-23,01:54:50,2423381.58024
1922,23,大雪,255,1922-12-08,05:10:19,1922-12-07,21:10:19,2423396.38266
1922,24,冬至,270,1922-12-22,22:56:33,1922-12-22,14:56:33,2423411.123096
1923,1,小寒,285,1923-01-06,16:13:40,1923-01-06,08:13:40,2423425.843321
1923,2,大寒,300,1923-01-21,09:34:26,1923-01-21,01:34:26,2423440.566069
1923,3,立春,315,1923-02-05,03:59:57,1923-02-04,19:59:57,2423455.333792
1923,4,雨水,330,1923-02-19,23:59:21,1923-02-19,15:59:21,2423470.166707
1923,5,惊蛰,345,1923-03-06,22:24:06,1923-03-06,14:24:06,2423485.100561
1923,6,春分,0,1923-03-21,23:28:22,1923-03-21,15:28:22,2423500.145197
1923,7,清明,15,1923-04-06,03:45:27,1923-04-05,19:45:27,2423515.32372
1923,8,谷雨,30,1923-04-21,11:05:14,1923-04-21,03:05:14,2423530.629128
1923,9,立夏,45,1923-05-06,21:37:55,1923-05-06,13:37:55,2423546.06849
1923,10,小满,60,1923-05-22,10:44:54,1923-05-22,02:44:54,2423561.615013
1923,11,芒种,75,1923-06-07,02:13:59,1923-06-06,18:13:59,2423577.260201
1923,12,夏至,90,1923-06-22,19:02:22,1923-06-22,11:02:22,2423592.960473
1923,13,小暑,105,1923-07-08,12:41:52,1923-07-08,04:41:52,2423608.696233
1923,14,大暑,120,1923-07-24,06:00:09,1923-07-23,22:00:09,2423624.417268
1923,15,立秋,135,1923-08-08,22:24:09,1923-08-08,14:24:09,2423640.100599
1923,16,处暑,150,1923-08-24,12:51:26,1923-08-24,04:51:26,2423655.702879
1923,17,白露,165,1923-09-09,00:56:50,1923-09-08,16:56:50,2423671.206624
1923,18,秋分,180,1923-09-24,10:03:11,1923-09-24,02:03:11,2423686.586038
1923,19,寒露,195,1923-10-09,16:03:03,1923-10-09,08:03:03,2423701.835945
1923,20,霜降,210,1923-10-24,18:50:30,1923-10-24,10:50:30,2423716.952234
1923,21,立冬,225,1923-11-08,18:40:01,1923-11-08,10:40:01,2423731.944953
1923,22,小雪,240,1923-11-23,15:53:17,1923-11-23,07:53:17,2423746.829164
1923,23,大雪,255,1923-12-08,11:04:15,1923-12-08,03:04:15,2423761.628444
1923,24,冬至,270,1923-12-23,04:52:54,1923-12-22,20:52:54,2423776.370559
1924,1,小寒,285,1924-01-06,22:05:14,1924-01-06,14:05:14,2423791.087463
1924,2,大寒,300,1924-01-21,15:28:00,1924-01-21,07:28:00,2423805.811607
1924,3,立春,315,1924-02-05,09:49:13,1924-02-05,01:49:13,2423820.576344
1924,4,雨水,330,1924-02-20,05:50:56,1924-02-19,21:50:56,2423835.410868
1924,5,惊蛰,345,1924-03-06,04:11:53,1924-03-05,20:11:53,2423850.342083
1924,6,春分,0,1924-03-21,05:19:45,1924-03-20,21:19:45,2423865.389207
1924,7,清明,15,1924-04-05,09:32:48,1924-04-05,01:32:48,2423880.564942
1924,8,谷雨,30,1924-04-20,16:58:13,1924-04-20,08:58:13,2423895.874255
1924,9,立夏,45,1924-05-06,03:25:20,1924-05-05,19:25:20,2423911.309752
1924,10,小满,60,1924-05-21,16:40:05,1924-05-21,08:40:05,2423926.861664
1924,11,芒种,75,1924-06-06,08:01:12,1924-06-06,00:01:12,2423942.50133
1924,12,夏至,90,1924-06-22,00:59:00,1924-06-21,16:59:00,2423958.20813
1924,13,小暑,105,1924-07-07,18:29:06,1924-07-07,10:29:06,2423973.937365
1924,14,大暑,120,1924-07-23,11:57:09,1924-07-23,03:57:09,2423989.66518
1924,15,立秋,135,1924-08-08,04:11:55,1924-08-07,20:11:55,2424005.342106
1924,16,处暑,150,1924-08-23,18:47:35,1924-08-23,10:47:35,2424020.9502
1924,17,白露,165,1924-09-08,06:45:11,1924-09-07,22:45:11,2424036.448543
1924,18,秋分,180,1924-09-23,15:57:54,1924-09-23,07:57:54,2424051.832369
1924,19,寒露,195,1924-10-08,21:51:50,1924-10-08,13:51:50,2424067.078159
1924,20,霜降,210,1924-10-24,00:44:03,1924-10-23,16:44:03,2424082.197754
1924,21,立冬,225,1924-11-08,00:28:53,1924-11-07,16:28:53,2424097.187221
1924,22,小雪,240,1924-11-22,21:46:03,1924-11-22,13:46:03,2424112.074143
1924,23,大雪,255,1924-12-07,16:52:41,1924-12-07,08:52:41,2424126.870409
1924,24,冬至,270,1924-12-22,10:45:06,1924-12-22,02:45:06,2424141.615146
1925,1,小寒,285,1925-01-06,03:52:55,1925-01-05,19:52:55,2424156.328912
1925,2,大寒,300,1925-01-20,21:19:50,1925-01-20,13:19:50,2424171.05593
1925,3,立春,315,1925-02-04,15:36:26,1925-02-04,07:36:26,2424185.817461
1925,4,雨水,330,1925-02-19,11:42:41,1925-02-19,03:42:41,2424200.655138
1925,5,惊蛰,345,1925-03-06,09:59:30,1925-03-06,01:59:30,2424215.583483
1925,6,春分,0,1925-03-21,11:11:48,1925-03-21,03:11:48,2424230.63369
1925,7,清明,15,1925-04-05,15:22:08,1925-04-05,07:22:08,2424245.807527
1925,8,谷雨,30,1925-04-20,22:50:46,1925-04-20,14:50:46,2424261.119084
1925,9,立夏,45,1925-05-06,09:17:31,1925-05-06,01:17:31,2424276.554324
1925,10,小满,60,1925-05-21,22:32:35,1925-05-21,14:32:35,2424292.106451
1925,11,芒种,75,1925-06-06,13:56:03,1925-06-06,05:56:03,2424307.747752
1925,12,夏至,90,1925-06-22,06:49:36,1925-06-21,22:49:36,2424323.4516
1925,13,小暑,105,1925-07-08,00:24:36,1925-07-07,16:24:36,2424339.18424
1925,14,大暑,120,1925-07-23,17:44:29,1925-07-23,09:44:29,2424354.906382
1925,15,立秋,135,1925-08-08,10:06:46,1925-08-08,02:06:46,2424370.588529
1925,16,处暑,150,1925-08-24,00:32:46,1925-08-23,16:32:46,2424386.189916
1925,17,白露,165,1925-09-08,12:39:42,1925-09-08,04:39:42,2424401.694736
1925,18,秋分,180,1925-09-23,21:43:01,1925-09-23,13:43:01,2424417.072031
1925,19,寒露,195,1925-10-09,03:47:03,1925-10-08,19:47:03,2424432.324835
1925,20,霜降,210,1925-10-24,06:30:44,1925-10-23,22:30:44,2424447.4385
1925,21,立冬,225,1925-11-08,06:25:54,1925-11-07,22:25:54,2424462.435149
1925,22,小雪,240,1925-11-23,03:35:06,1925-11-22,19:35:06,2424477.316531
1925,23,大雪,255,1925-12-07,22:51:58,1925-12-07,14:51:58,2424492.119919
1925,24,冬至,270,1925-12-22,16:36:16,1925-12-22,08:36:16,2424506.859014
1926,1,小寒,285,1926-01-06,09:53:58,1926-01-06,01:53:58,2424521.57964
1926,2,大寒,300,1926-01-21,03:12:05,1926-01-20,19:12:05,2424536.300552
1926,3,立春,315,1926-02-04,21:37:56,1926-02-04,13:37:56,2424551.0685
1926,4,雨水,330,1926-02-19,17:34:24,1926-02-19,09:34:24,2424565.899382
1926,5,惊蛰,345,1926-03-06,15:59:22,1926-03-06,07:59:22,2424580.833383
1926,6,春分,0,1926-03-21,17:00:48,1926-03-21,09:00:48,2424595.87605
1926,7,清明,15,1926-04-05,21:17:58,1926-04-05,13:17:58,2424611.054643
1926,8,谷雨,30,1926-04-21,04:35:44,1926-04-20,20:35:44,2424626.358636
1926,9,立夏,45,1926-05-06,15:08:02,1926-05-06,07:08:02,2424641.797738
1926,10,小满,60,1926-05-22,04:14:07,1926-05-21,20:14:07,2424657.343636
1926,11,芒种,75,1926-06-06,19:41:19,1926-06-06,11:41:19,2424672.987523
1926,12,夏至,90,1926-06-22,12:29:39,1926-06-22,04:29:39,2424688.687751
1926,13,小暑,105,1926-07-08,06:05:18,1926-07-07,22:05:18,2424704.420836
1926,14,大暑,120,1926-07-23,23:24:26,1926-07-23,15:24:26,2424720.142456
1926,15,立秋,135,1926-08-08,15:43:54,1926-08-08,07:43:54,2424735.822645
1926,16,处暑,150,1926-08-24,06:13:35,1926-08-23,22:13:35,2424751.426598
1926,17,白露,165,1926-09-08,18:15:33,1926-09-08,10:15:33,2424766.927961
1926,18,秋分,180,1926-09-24,03:26:14,1926-09-23,19:26:14,2424782.310383
1926,19,寒露,195,1926-10-09,09:24:33,1926-10-09,01:24:33,2424797.55921
1926,20,霜降,210,1926-10-24,12:17:56,1926-10-24,04:17:56,2424812.67961
1926,21,立冬,225,1926-11-08,12:07:23,1926-11-08,04:07:23,2424827.672287
1926,22,小雪,240,1926-11-23,09:27:13,1926-11-23,01:27:13,2424842.561065
1926,23,大雪,255,1926-12-08,04:38:20,1926-12-07,20:38:20,2424857.360449
1926,24,冬至,270,1926-12-22,22:32:59,1926-12-22,14:32:59,2424872.106728
1927,1,小寒,285,1927-01-06,15:44:18,1927-01-06,07:44:18,2424886.822925
1927,2,大寒,300,1927-01-21,09:11:29,1927-01-21,01:11:29,2424901.550137
1927,3,立春,315,1927-02-05,03:29:43,1927-02-04,19:29:43,2424916.312801
1927,4,雨水,330,1927-02-19,23:33:55,1927-02-19,15:33:55,2424931.149047
1927,5,惊蛰,345,1927-03-06,21:49:58,1927-03-06,13:49:58,2424946.076857
1927,6,春分,0,1927-03-21,22:58:43,1927-03-21,14:58:43,2424961.124606
1927,7,清明,15,1927-04-06,03:05:47,1927-04-05,19:05:47,2424976.296178
1927,8,谷雨,30,1927-04-21,10:31:19,1927-04-21,02:31:19,2424991.605579
1927,9,立夏,45,1927-05-06,20:52:44,1927-05-06,12:52:44,2425007.037115
1927,10,小满,60,1927-05-22,10:07:29,1927-05-22,02:07:29,2425022.589026
1927,11,芒种,75,1927-06-07,01:24:26,1927-06-06,17:24:26,2425038.225792
1927,12,夏至,90,1927-06-22,18:21:49,1927-06-22,10:21:49,2425053.932306
1927,13,小暑,105,1927-07-08,11:49:37,1927-07-08,03:49:37,2425069.659954
1927,14,大暑,120,1927-07-24,05:16:22,1927-07-23,21:16:22,2425085.386865
1927,15,立秋,135,1927-08-08,21:31:06,1927-08-08,13:31:06,2425101.063756
1927,16,处暑,150,1927-08-24,12:05:06,1927-08-24,04:05:06,2425116.670697
1927,17,白露,165,1927-09-09,00:05:07,1927-09-08,16:05:07,2425132.170716
1927,18,秋分,180,1927-09-24,09:16:34,1927-09-24,01:16:34,2425147.553665
1927,19,寒露,195,1927-10-09,15:14:46,1927-10-09,07:14:46,2425162.802418
1927,20,霜降,210,1927-10-24,18:06:19,1927-10-24,10:06:19,2425177.921547
1927,21,立冬,225,1927-11-08,17:56:35,1927-11-08,09:56:35,2425192.914788
1927,22,小雪,240,1927-11-23,15:13:37,1927-11-23,07:13:37,2425207.801613
1927,23,大雪,255,1927-12-08,10:26:00,1927-12-08,02:26:00,2425222.601881
1927,24,冬至,270,1927-12-23,04:18:07,1927-12-22,20:18:07,2425237.34641
1928,1,小寒,285,1928-01-06,21:30:53,1928-01-06,13:30:53,2425252.063602
1928,2,大寒,300,1928-01-21,14:56:18,1928-01-21,06:56:18,2425266.789587
1928,3,立春,315,1928-02-05,09:16:04,1928-02-05,01:16:04,2425281.553313
1928,4,雨水,330,1928-02-20,05:18:54,1928-02-19,21:18:54,2425296.388619
1928,5,惊蛰,345,1928-03-06,03:36:56,1928-03-05,19:36:56,2425311.31781
1928,6,春分,0,1928-03-21,04:43:53,1928-03-20,20:43:53,2425326.364299
1928,7,清明,15,1928-04-05,08:54:13,1928-04-05,00:54:13,2425341.538145
1928,8,谷雨,30,1928-04-20,16:16:21,1928-04-20,08:16:21,2425356.845185
1928,9,立夏,45,1928-05-06,02:43:10,1928-05-05,18:43:10,2425372.280471
1928,10,小满,60,1928-05-21,15:51:59,1928-05-21,07:51:59,2425387.828262
1928,11,芒种,75,1928-06-06,07:16:50,1928-06-05,23:16:50,2425403.470514
1928,12,夏至,90,1928-06-22,00:06:04,1928-06-21,16:06:04,2425419.17137
1928,13,小暑,105,1928-07-07,17:43:57,1928-07-07,09:43:57,2425434.906014
1928,14,大暑,120,1928-07-23,11:01:56,1928-07-23,03:01:56,2425450.626837
1928,15,立秋,135,1928-08-08,03:27:12,1928-08-07,19:27:12,2425466.311045
1928,16,处暑,150,1928-08-23,17:52:47,1928-08-23,09:52:47,2425481.912153
1928,17,白露,165,1928-09-08,06:01:27,1928-09-07,22:01:27,2425497.418166
1928,18,秋分,180,1928-09-23,15:05:08,1928-09-23,07:05:08,2425512.795724
1928,19,寒露,195,1928-10-08,21:09:33,1928-10-08,13:09:33,2425528.048795
1928,20,霜降,210,1928-10-23,23:54:10,1928-10-23,15:54:10,2425543.163111
1928,21,立冬,225,1928-11-07,23:49:12,1928-11-07,15:49:12,2425558.159655
1928,22,小雪,240,1928-11-22,20:59:54,1928-11-22,12:59:54,2425573.04209
1928,23,大雪,255,1928-12-07,16:16:58,1928-12-07,08:16:58,2425587.845613
1928,24,冬至,270,1928-12-22,10:03:18,1928-12-22,02:03:18,2425602.586117
1929,1,小寒,285,1929-01-06,03:21:43,1929-01-05,19:21:43,2425617.307239
1929,2,大寒,300,1929-01-20,20:41:53,1929-01-20,12:41:53,2425632.029575
1929,3,立春,315,1929-02-04,15:08:24,1929-02-04,07:08:24,2425646.797997
1929,4,雨水,330,1929-02-19,11:06:30,1929-02-19,03:06:30,2425661.630012
1929,5,惊蛰,345,1929-03-06,09:31:39,1929-03-06,01:31:39,2425676.564143
1929,6,春分,0,1929-03-21,10:34:28,1929-03-21,02:34:28,2425691.607761
1929,7,清明,15,1929-04-05,14:50:55,1929-04-05,06:50:55,2425706.785849
1929,8,谷雨,30,1929-04-20,22:09:57,1929-04-20,14:09:57,2425722.090736
1929,9,立夏,45,1929-05-06,08:40:01,1929-05-06,00:40:01,2425737.528283
1929,10,小满,60,1929-05-21,21:47:14,1929-05-21,13:47:14,2425753.074964
1929,11,芒种,75,1929-06-06,13:10:30,1929-06-06,05:10:30,2425768.716114
1929,12,夏至,90,1929-06-22,06:00:14,1929-06-21,22:00:14,2425784.417328
1929,13,小暑,105,1929-07-07,23:31:20,1929-07-07,15:31:20,2425800.147254
1929,14,大暑,120,1929-07-23,16:52:56,1929-07-23,08:52:56,2425815.870586
1929,15,立秋,135,1929-08-08,09:08:23,1929-08-08,01:08:23,2425831.547985
1929,16,处暑,150,1929-08-23,23:40:54,1929-08-23,15:40:54,2425847.153899
1929,17,白露,165,1929-09-08,11:39:16,1929-09-08,03:39:16,2425862.652762
1929,18,秋分,180,1929-09-23,20:51:56,1929-09-23,12:51:56,2425878.036562
1929,19,寒露,195,1929-10-09,02:46:43,1929-10-08,18:46:43,2425893.282936
1929,20,霜降,210,1929-10-24,05:41:05,1929-10-23,21:41:05,2425908.404021
1929,21,立冬,225,1929-11-08,05:27:08,1929-11-07,21:27:08,2425923.394342
1929,22,小雪,240,1929-11-23,02:47:44,1929-11-22,18:47:44,2425938.283638
1929,23,大雪,255,1929-12-07,21:56:06,1929-12-07,13:56:06,2425953.081118
1929,24,冬至,270,1929-12-22,15:52:23,1929-12-22,07:52:23,2425967.828532
1930,1,小寒,285,1930-01-06,09:02:14,1930-01-06,01:02:14,2425982.543708
1930,2,大寒,300,1930-01-21,02:32:38,1930-01-20,18:32:38,2425997.273153
1930,3,立春,315,1930-02-04,20:50:49,1930-02-04,12:50:49,2426012.035781
1930,4,雨水,330,1930-02-19,16:59:27,1930-02-19,08:59:27,2426026.875107
1930,5,惊蛰,345,1930-03-06,15:16:15,1930-03-06,07:16:15,2426041.803451
1930,6,春分,0,1930-03-21,16:29:23,1930-03-21,08:29:23,2426056.854236
1930,7,清明,15,1930-04-05,20:37:04,1930-04-05,12:37:04,2426072.026237
1930,8,谷雨,30,1930-04-21,04:05:26,1930-04-20,20:05:26,2426087.3376
1930,9,立夏,45,1930-05-06,14:26:41,1930-05-06,06:26:41,2426102.769021
1930,10,小满,60,1930-05-22,03:41:40,1930-05-21,19:41:40,2426118.321099
1930,11,芒种,75,1930-06-06,18:57:44,1930-06-06,10:57:44,2426133.957249
1930,12,夏至,90,1930-06-22,11:52:28,1930-06-22,03:52:28,2426149.661925
1930,13,小暑,105,1930-07-08,05:19:21,1930-07-07,21:19:21,2426165.388937
1930,14,大暑,120,1930-07-23,22:41:37,1930-07-23,14:41:37,2426181.112727
1930,15,立秋,135,1930-08-08,14:56:39,1930-08-08,06:56:39,2426196.789838
1930,16,处暑,150,1930-08-24,05:25:59,1930-08-23,21:25:59,2426212.393536
1930,17,白露,165,1930-09-08,17:28:04,1930-09-08,09:28:04,2426227.894979
1930,18,秋分,180,1930-09-24,02:35:34,1930-09-23,18:35:34,2426243.275196
1930,19,寒露,195,1930-10-09,08:37:09,1930-10-09,00:37:09,2426258.526288
1930,20,霜降,210,1930-10-24,11:25:37,1930-10-24,03:25:37,2426273.643289
1930,21,立冬,225,1930-11-08,11:19:52,1930-11-08,03:19:52,2426288.639292
1930,22,小雪,240,1930-11-23,08:34:06,1930-11-23,00:34:06,2426303.52418
1930,23,大雪,255,1930-12-08,03:50:18,1930-12-07,19:50:18,2426318.327095
1930,24,冬至,270,1930-12-22,21:39:11,1930-12-22,13:39:11,2426333.069371
1931,1,小寒,285,1931-01-06,14:55:16,1931-01-06,06:55:16,2426347.788877
1931,2,大寒,300,1931-01-21,08:17:09,1931-01-21,00:17:09,2426362.512399
1931,3,立春,315,1931-02-05,02:40:18,1931-02-04,18:40:18,2426377.278485
1931,4,雨水,330,1931-02-19,22:39:55,1931-02-19,14:39:55,2426392.111549
1931,5,惊蛰,345,1931-03-06,21:01:47,1931-03-06,13:01:47,2426407.043395
1931,6,春分,0,1931-03-21,22:05:55,1931-03-21,14:05:55,2426422.087939
1931,7,清明,15,1931-04-06,02:20:05,1931-04-05,18:20:05,2426437.264444
1931,8,谷雨,30,1931-04-21,09:39:25,1931-04-21,01:39:25,2426452.569538
1931,9,立夏,45,1931-05-06,20:09:14,1931-05-06,12:09:14,2426468.006912
1931,10,小满,60,1931-05-22,09:15:03,1931-05-22,01:15:03,2426483.552609
1931,11,芒种,75,1931-06-07,00:41:26,1931-06-06,16:41:26,2426499.195931
1931,12,夏至,90,1931-06-22,17:27:42,1931-06-22,09:27:42,2426514.894725
1931,13,小暑,105,1931-07-08,11:05:16,1931-07-08,03:05:16,2426530.629152
1931,14,大暑,120,1931-07-24,04:21:01,1931-07-23,20:21:01,2426546.348425
1931,15,立秋,135,1931-08-08,20:44:35,1931-08-08,12:44:35,2426562.031453
1931,16,处暑,150,1931-08-24,11:09:55,1931-08-24,03:09:55,2426577.632376
1931,17,白露,165,1931-09-08,23:16:58,1931-09-08,15:16:58,2426593.137281
1931,18,秋分,180,1931-09-24,08:22:56,1931-09-24,00:22:56,2426608.516419
1931,19,寒露,195,1931-10-09,14:26:33,1931-10-09,06:26:33,2426623.76893
1931,20,霜降,210,1931-10-24,17:15:07,1931-10-24,09:15:07,2426638.885991
1931,21,立冬,225,1931-11-08,17:09:32,1931-11-08,09:09:32,2426653.88212
1931,22,小雪,240,1931-11-23,14:24:19,1931-11-23,06:24:19,2426668.767381
1931,23,大雪,255,1931-12-08,09:39:57,1931-12-08,01:39:57,2426683.569899
1931,24,冬至,270,1931-12-23,03:29:12,1931-12-22,19:29:12,2426698.312443
1932,1,小寒,285,1932-01-06,20:44:45,1932-01-06,12:44:45,2426713.031575
1932,2,大寒,300,1932-01-21,14:06:27,1932-01-21,06:06:27,2426727.754977
1932,3,立春,315,1932-02-05,08:29:02,1932-02-05,00:29:02,2426742.520651
1932,4,雨水,330,1932-02-20,04:28:01,1932-02-19,20:28:01,2426757.353284
1932,5,惊蛰,345,1932-03-06,02:49:00,1932-03-05,18:49:00,2426772.284526
1932,6,春分,0,1932-03-21,03:53:13,1932-03-20,19:53:13,2426787.329113
1932,7,清明,15,1932-04-05,08:06:00,1932-04-05,00:06:00,2426802.504656
1932,8,谷雨,30,1932-04-20,15:27:41,1932-04-20,07:27:41,2426817.811385
1932,9,立夏,45,1932-05-06,01:54:49,1932-05-05,17:54:49,2426833.246893
1932,10,小满,60,1932-05-21,15:06:13,1932-05-21,07:06:13,2426848.796474
1932,11,芒种,75,1932-06-06,06:27:25,1932-06-05,22:27:25,2426864.436204
1932,12,夏至,90,1932-06-21,23:22:15,1932-06-21,15:22:15,2426880.140947
1932,13,小暑,105,1932-07-07,16:51:58,1932-07-07,08:51:58,2426895.86991
1932,14,大暑,120,1932-07-23,10:17:41,1932-07-23,02:17:41,2426911.596104
1932,15,立秋,135,1932-08-08,02:31:30,1932-08-07,18:31:30,2426927.272363
1932,16,处暑,150,1932-08-23,17:05:52,1932-08-23,09:05:52,2426942.879573
1932,17,白露,165,1932-09-08,05:02:32,1932-09-07,21:02:32,2426958.377254
1932,18,秋分,180,1932-09-23,14:15:31,1932-09-23,06:15:31,2426973.761269
1932,19,寒露,195,1932-10-08,20:09:18,1932-10-08,12:09:18,2426989.006951
1932,20,霜降,210,1932-10-23,23:03:31,1932-10-23,15:03:31,2427004.127942
1932,21,立冬,225,1932-11-07,22:49:21,1932-11-07,14:49:21,2427019.118095
1932,22,小雪,240,1932-11-22,20:09:46,1932-11-22,12:09:46,2427034.007274
1932,23,大雪,255,1932-12-07,15:18:02,1932-12-07,07:18:02,2427048.804688
1932,24,冬至,270,1932-12-22,09:13:53,1932-12-22,01:13:53,2427063.551801
1933,1,小寒,285,1933-01-06,02:23:01,1933-01-05,18:23:01,2427078.266477
1933,2,大寒,300,1933-01-20,19:52:20,1933-01-20,11:52:20,2427092.995175
1933,3,立春,315,1933-02-04,14:08:57,1933-02-04,06:08:57,2427107.756708
1933,4,雨水,330,1933-02-19,10:15:56,1933-02-19,02:15:56,2427122.594895
1933,5,惊蛰,345,1933-03-06,08:31:05,1933-03-06,00:31:05,2427137.522084
1933,6,春分,0,1933-03-21,09:42:44,1933-03-21,01:42:44,2427152.571833
1933,7,清明,15,1933-04-05,13:50:10,1933-04-05,05:50:10,2427167.743664
1933,8,谷雨,30,1933-04-20,21:17:54,1933-04-20,13:17:54,2427183.054593
1933,9,立夏,45,1933-05-06,07:41:25,1933-05-05,23:41:25,2427198.487586
1933,10,小满,60,1933-05-21,20:56:25,1933-05-21,12:56:25,2427214.039674
1933,11,芒种,75,1933-06-06,12:17:00,1933-06-06,04:17:00,2427229.678969
1933,12,夏至,90,1933-06-22,05:11:27,1933-06-21,21:11:27,2427245.383445
1933,13,小暑,105,1933-07-07,22:43:59,1933-07-07,14:43:59,2427261.11437
1933,14,大暑,120,1933-07-23,16:05:04,1933-07-23,08:05:04,2427276.837342
1933,15,立秋,135,1933-08-08,08:25:12,1933-08-08,00:25:12,2427292.517993
1933,16,处暑,150,1933-08-23,22:52:00,1933-08-23,14:52:00,2427308.119939
1933,17,白露,165,1933-09-08,10:57:07,1933-09-08,02:57:07,2427323.623495
1933,18,秋分,180,1933-09-23,20:00:46,1933-09-23,12:00:46,2427339.001029
1933,19,寒露,195,1933-10-09,02:03:34,1933-10-08,18:03:34,2427354.252973
1933,20,霜降,210,1933-10-24,04:47:43,1933-10-23,20:47:43,2427369.366965
1933,21,立冬,225,1933-11-08,04:42:40,1933-11-07,20:42:40,2427384.363454
1933,22,小雪,240,1933-11-23,01:53:05,1933-11-22,17:53:05,2427399.24569
1933,23,大雪,255,1933-12-07,21:10:46,1933-12-07,13:10:46,2427414.049643
1933,24,冬至,270,1933-12-22,14:57:08,1933-12-22,06:57:08,2427428.79017
1934,1,小寒,285,1934-01-06,08:16:09,1934-01-06,00:16:09,2427443.511705
1934,2,大寒,300,1934-01-21,01:36:32,1934-01-20,17:36:32,2427458.234199
1934,3,立春,315,1934-02-04,20:03:17,1934-02-04,12:03:17,2427473.002777
1934,4,雨水,330,1934-02-19,16:01:17,1934-02-19,08:01:17,2427487.834722
1934,5,惊蛰,345,1934-03-06,14:26:00,1934-03-06,06:26:00,2427502.768548
1934,6,春分,0,1934-03-21,15:27:32,1934-03-21,07:27:32,2427517.811286
1934,7,清明,15,1934-04-05,19:43:19,1934-04-05,11:43:19,2427532.988906
1934,8,谷雨,30,1934-04-21,02:59:46,1934-04-20,18:59:46,2427548.292003
1934,9,立夏,45,1934-05-06,13:30:24,1934-05-06,05:30:24,2427563.729937
1934,10,小满,60,1934-05-22,02:34:32,1934-05-21,18:34:32,2427579.274475
1934,11,芒种,75,1934-06-06,18:01:02,1934-06-06,10:01:02,2427594.917881
1934,12,夏至,90,1934-06-22,10:47:33,1934-06-22,02:47:33,2427610.616843
1934,13,小暑,105,1934-07-08,04:24:06,1934-07-07,20:24:06,2427626.350561
1934,14,大暑,120,1934-07-23,21:41:49,1934-07-23,13:41:49,2427642.071203
1934,15,立秋,135,1934-08-08,14:03:19,1934-08-08,06:03:19,2427657.752796
1934,16,处暑,150,1934-08-24,04:31:41,1934-08-23,20:31:41,2427673.355829
1934,17,白露,165,1934-09-08,16:35:48,1934-09-08,08:35:48,2427688.858691
1934,18,秋分,180,1934-09-24,01:44:49,1934-09-23,17:44:49,2427704.239948
1934,19,寒露,195,1934-10-09,07:44:40,1934-10-08,23:44:40,2427719.489842
1934,20,霜降,210,1934-10-24,10:35:55,1934-10-24,02:35:55,2427734.608771
1934,21,立冬,225,1934-11-08,10:26:22,1934-11-08,02:26:22,2427749.602135
1934,22,小雪,240,1934-11-23,07:44:01,1934-11-22,23:44:01,2427764.489393
1934,23,大雪,255,1934-12-08,02:56:12,1934-12-07,18:56:12,2427779.289519
1934,24,冬至,270,1934-12-22,20:49:03,1934-12-22,12:49:03,2427794.034559
1935,1,小寒,285,1935-01-06,14:02:00,1935-01-06,06:02:00,2427808.751884
1935,2,大寒,300,1935-01-21,07:27:58,1935-01-20,23:27:58,2427823.478248
1935,3,立春,315,1935-02-05,01:48:22,1935-02-04,17:48:22,2427838.242414
1935,4,雨水,330,1935-02-19,21:51:36,1935-02-19,13:51:36,2427853.077995
1935,5,惊蛰,345,1935-03-06,20:09:51,1935-03-06,12:09:51,2427868.007333
1935,6,春分,0,1935-03-21,21:17:23,1935-03-21,13:17:23,2427883.054229
1935,7,清明,15,1935-04-06,01:26:00,1935-04-05,17:26:00,2427898.226887
1935,8,谷雨,30,1935-04-21,08:49:44,1935-04-21,00:49:44,2427913.535029
1935,9,立夏,45,1935-05-06,19:11:42,1935-05-06,11:11:42,2427928.966954
1935,10,小满,60,1935-05-22,08:24:28,1935-05-22,00:24:28,2427944.51748
1935,11,芒种,75,1935-06-06,23:41:16,1935-06-06,15:41:16,2427960.154147
1935,12,夏至,90,1935-06-22,16:37:32,1935-06-22,08:37:32,2427975.859894
1935,13,小暑,105,1935-07-08,10:05:13,1935-07-08,02:05:13,2427991.587454
1935,14,大暑,120,1935-07-24,03:32:35,1935-07-23,19:32:35,2428007.314784
1935,15,立秋,135,1935-08-08,19:47:30,1935-08-08,11:47:30,2428022.99181
1935,16,处暑,150,1935-08-24,10:23:36,1935-08-24,02:23:36,2428038.600221
1935,17,白露,165,1935-09-08,22:23:45,1935-09-08,14:23:45,2428054.100324
1935,18,秋分,180,1935-09-24,07:37:47,1935-09-23,23:37:47,2428069.485069
1935,19,寒露,195,1935-10-09,13:35:20,1935-10-09,05:35:20,2428084.733359
1935,20,霜降,210,1935-10-24,16:28:49,1935-10-24,08:28:49,2428099.853844
1935,21,立冬,225,1935-11-08,16:17:12,1935-11-08,08:17:12,2428114.845768
1935,22,小雪,240,1935-11-23,13:35:03,1935-11-23,05:35:03,2428129.733173
1935,23,大雪,255,1935-12-08,08:44:31,1935-12-08,00:44:31,2428144.531414
1935,24,冬至,270,1935-12-23,02:36:45,1935-12-22,18:36:45,2428159.276013
1936,1,小寒,285,1936-01-06,19:46:18,1936-01-06,11:46:18,2428173.990983
1936,2,大寒,300,1936-01-21,13:11:55,1936-01-21,05:11:55,2428188.717097
1936,3,立春,315,1936-02-05,07:28:56,1936-02-04,23:28:56,2428203.478925
1936,4,雨水,330,1936-02-20,03:32:41,1936-02-19,19:32:41,2428218.314862
1936,5,惊蛰,345,1936-03-06,01:48:47,1936-03-05,17:48:47,2428233.242701
1936,6,春分,0,1936-03-21,02:57:28,1936-03-20,18:57:28,2428248.290404
1936,7,清明,15,1936-04-05,07:06:24,1936-04-04,23:06:24,2428263.46327
1936,8,谷雨,30,1936-04-20,14:30:44,1936-04-20,06:30:44,2428278.771839
1936,9,立夏,45,1936-05-06,00:56:09,1936-05-05,16:56:09,2428294.206159
1936,10,小满,60,1936-05-21,14:07:04,1936-05-21,06:07:04,2428309.755399
1936,11,芒种,75,1936-06-06,05:30:20,1936-06-05,21:30:20,2428325.396563
1936,12,夏至,90,1936-06-21,22:21:15,1936-06-21,14:21:15,2428341.098588
1936,13,小暑,105,1936-07-07,15:57:58,1936-07-07,07:57:58,2428356.832417
1936,14,大暑,120,1936-07-23,09:17:31,1936-07-23,01:17:31,2428372.554327
1936,15,立秋,135,1936-08-08,01:42:51,1936-08-07,17:42:51,2428388.23858
1936,16,处暑,150,1936-08-23,16:10:10,1936-08-23,08:10:10,2428403.840883
1936,17,白露,165,1936-09-08,04:20:14,1936-09-07,20:20:14,2428419.347883
1936,18,秋分,180,1936-09-23,13:25:36,1936-09-23,05:25:36,2428434.726602
1936,19,寒露,195,1936-10-08,19:32:05,1936-10-08,11:32:05,2428449.981111
1936,20,霜降,210,1936-10-23,22:17:43,1936-10-23,14:17:43,2428465.096134
1936,21,立冬,225,1936-11-07,22:14:19,1936-11-07,14:14:19,2428480.093772
1936,22,小雪,240,1936-11-22,19:24:41,1936-11-22,11:24:41,2428494.975974
1936,23,大雪,255,1936-12-07,14:41:55,1936-12-07,06:41:55,2428509.779602
1936,24,冬至,270,1936-12-22,08:26:19,1936-12-22,00:26:19,2428524.518772
1937,1,小寒,285,1937-01-06,01:43:26,1937-01-05,17:43:26,2428539.238984
1937,2,大寒,300,1937-01-20,19:00:38,1937-01-20,11:00:38,2428553.95927
1937,3,立春,315,1937-02-04,13:25:14,1937-02-04,05:25:14,2428568.726349
1937,4,雨水,330,1937-02-19,09:20:21,1937-02-19,01:20:21,2428583.556297
1937,5,惊蛰,345,1937-03-06,07:44:05,1937-03-05,23:44:05,2428598.489442
1937,6,春分,0,1937-03-21,08:44:42,1937-03-21,00:44:42,2428613.531531
1937,7,清明,15,1937-04-05,13:01:03,1937-04-05,05:01:03,2428628.709554
1937,8,谷雨,30,1937-04-20,20:18:49,1937-04-20,12:18:49,2428644.013567
1937,9,立夏,45,1937-05-06,06:50:16,1937-05-05,22:50:16,2428659.452064
1937,10,小满,60,1937-05-21,19:56:48,1937-05-21,11:56:48,2428674.998269
1937,11,芒种,75,1937-06-06,11:22:30,1937-06-06,03:22:30,2428690.64112
1937,12,夏至,90,1937-06-22,04:11:37,1937-06-21,20:11:37,2428706.3419
1937,13,小暑,105,1937-07-07,21:45:37,1937-07-07,13:45:37,2428722.073844
1937,14,大暑,120,1937-07-23,15:06:34,1937-07-23,07:06:34,2428737.796721
1937,15,立秋,135,1937-08-08,07:25:03,1937-08-07,23:25:03,2428753.476218
1937,16,处暑,150,1937-08-23,21:57:29,1937-08-23,13:57:29,2428769.082081
1937,17,白露,165,1937-09-08,09:59:05,1937-09-08,01:59:05,2428784.583186
1937,18,秋分,180,1937-09-23,19:12:34,1937-09-23,11:12:34,2428799.96755
1937,19,寒露,195,1937-10-09,01:10:35,1937-10-08,17:10:35,2428815.216176
1937,20,霜降,210,1937-10-24,04:06:09,1937-10-23,20:06:09,2428830.338102
1937,21,立冬,225,1937-11-08,03:54:56,1937-11-07,19:54:56,2428845.330304
1937,22,小雪,240,1937-11-23,01:16:08,1937-11-22,17:16:08,2428860.220032
1937,23,大雪,255,1937-12-07,20:25:58,1937-12-07,12:25:58,2428875.018525
1937,24,冬至,270,1937-12-22,14:21:18,1937-12-22,06:21:18,2428889.765284
1938,1,小寒,285,1938-01-06,07:30:50,1938-01-05,23:30:50,2428904.480236
1938,2,大寒,300,1938-01-21,00:58:24,1938-01-20,16:58:24,2428919.207711
1938,3,立春,315,1938-02-04,19:14:39,1938-02-04,11:14:39,2428933.968997
1938,4,雨水,330,1938-02-19,15:19:14,1938-02-19,07:19:14,2428948.805516
1938,5,惊蛰,345,1938-03-06,13:33:26,1938-03-06,05:33:26,2428963.732047
1938,6,春分,0,1938-03-21,14:42:43,1938-03-21,06:42:43,2428978.780154
1938,7,清明,15,1938-04-05,18:48:19,1938-04-05,10:48:19,2428993.950711
1938,8,谷雨,30,1938-04-21,02:14:22,1938-04-20,18:14:22,2429009.26047
1938,9,立夏,45,1938-05-06,12:34:50,1938-05-06,04:34:50,2429024.691351
1938,10,小满,60,1938-05-22,01:49:49,1938-05-21,17:49:49,2429040.243425
1938,11,芒种,75,1938-06-06,17:06:19,1938-06-06,09:06:19,2429055.879879
1938,12,夏至,90,1938-06-22,10:03:13,1938-06-22,02:03:13,2429071.586063
1938,13,小暑,105,1938-07-08,03:31:02,1938-07-07,19:31:02,2429087.313717
1938,14,大暑,120,1938-07-23,20:56:44,1938-07-23,12:56:44,2429103.039893
1938,15,立秋,135,1938-08-08,13:12:21,1938-08-08,05:12:21,2429118.717403
1938,16,处暑,150,1938-08-24,03:45:27,1938-08-23,19:45:27,2429134.323727
1938,17,白露,165,1938-09-08,15:47:47,1938-09-08,07:47:47,2429149.825342
1938,18,秋分,180,1938-09-24,00:59:09,1938-09-23,16:59:09,2429165.208232
1938,19,寒露,195,1938-10-09,07:01:04,1938-10-08,23:01:04,2429180.459567
1938,20,霜降,210,1938-10-24,09:53:25,1938-10-24,01:53:25,2429195.579258
1938,21,立冬,225,1938-11-08,09:47:59,1938-11-08,01:47:59,2429210.575488
1938,22,小雪,240,1938-11-23,07:05:44,1938-11-22,23:05:44,2429225.462814
1938,23,大雪,255,1938-12-08,02:21:39,1938-12-07,18:21:39,2429240.265527
1938,24,冬至,270,1938-12-22,20:13:02,1938-12-22,12:13:02,2429255.00955
1939,1,小寒,285,1939-01-06,13:27:32,1939-01-06,05:27:32,2429269.727943
1939,2,大寒,300,1939-01-21,06:50:21,1939-01-20,22:50:21,2429284.452121
1939,3,立春,315,1939-02-05,01:10:06,1939-02-04,17:10:06,2429299.215847
1939,4,雨水,330,1939-02-19,21:08:54,1939-02-19,13:08:54,2429314.048346
1939,5,惊蛰,345,1939-03-06,19:25:51,1939-03-06,11:25:51,2429328.976776
1939,6,春分,0,1939-03-21,20:28:06,1939-03-21,12:28:06,2429344.020005
1939,7,清明,15,1939-04-06,00:37:04,1939-04-05,16:37:04,2429359.192899
1939,8,谷雨,30,1939-04-21,07:54:46,1939-04-20,23:54:46,2429374.496858
1939,9,立夏,45,1939-05-06,18:20:44,1939-05-06,10:20:44,2429389.931555
1939,10,小满,60,1939-05-22,07:26:19,1939-05-21,23:26:19,2429405.477103
1939,11,芒种,75,1939-06-06,22:51:20,1939-06-06,14:51:20,2429421.119472
1939,12,夏至,90,1939-06-22,15:39:04,1939-06-22,07:39:04,2429436.819292
1939,13,小暑,105,1939-07-08,09:18:01,1939-07-08,01:18:01,2429452.554676
1939,14,大暑,120,1939-07-24,02:36:17,1939-07-23,18:36:17,2429468.275688
1939,15,立秋,135,1939-08-08,19:03:08,1939-08-08,11:03:08,2429483.961008
1939,16,处暑,150,1939-08-24,09:30:49,1939-08-24,01:30:49,2429499.563558
1939,17,白露,165,1939-09-08,21:41:43,1939-09-08,13:41:43,2429515.071131
1939,18,秋分,180,1939-09-24,06:49:05,1939-09-23,22:49:05,2429530.451246
1939,19,寒露,195,1939-10-09,12:56:18,1939-10-09,04:56:18,2429545.706258
1939,20,霜降,210,1939-10-24,15:45:30,1939-10-24,07:45:30,2429560.823759
1939,21,立冬,225,1939-11-08,15:43:13,1939-11-08,07:43:13,2429575.822168
1939,22,小雪,240,1939-11-23,12:58:10,1939-11-23,04:58:10,2429590.707552
1939,23,大雪,255,1939-12-08,08:16:43,1939-12-08,00:16:43,2429605.512099
1939,24,冬至,270,1939-12-23,02:05:37,1939-12-22,18:05:37,2429620.254396
1940,1,小寒,285,1940-01-06,19:23:22,1940-01-06,11:23:22,2429634.975056
1940,2,大寒,300,1940-01-21,12:43:45,1940-01-21,04:43:45,2429649.697541
1940,3,立春,315,1940-02-05,07:07:14,1940-02-04,23:07:14,2429664.463845
1940,4,雨水,330,1940-02-20,03:03:24,1940-02-19,19:03:24,2429679.294521
1940,5,惊蛰,345,1940-03-06,01:23:39,1940-03-05,17:23:39,2429694.225253
1940,6,春分,0,1940-03-21,02:23:23,1940-03-20,18:23:23,2429709.266729
1940,7,清明,15,1940-04-05,06:34:15,1940-04-04,22:34:15,2429724.440944
1940,8,谷雨,30,1940-04-20,13:50:34,1940-04-20,05:50:34,2429739.743938
1940,9,立夏,45,1940-05-06,00:15:57,1940-05-05,16:15:57,2429755.178242
1940,10,小满,60,1940-05-21,13:22:42,1940-05-21,05:22:42,2429770.724586
1940,11,芒种,75,1940-06-06,04:43:44,1940-06-05,20:43:44,2429786.3642
1940,12,夏至,90,1940-06-21,21:36:04,1940-06-21,13:36:04,2429802.067205
1940,13,小暑,105,1940-07-07,15:07:43,1940-07-07,07:07:43,2429817.797517
1940,14,大暑,120,1940-07-23,08:33:44,1940-07-23,00:33:44,2429833.523926
1940,15,立秋,135,1940-08-08,00:51:11,1940-08-07,16:51:11,2429849.202703
1940,16,处暑,150,1940-08-23,15:28:12,1940-08-23,07:28:12,2429864.811748
1940,17,白露,165,1940-09-08,03:28:55,1940-09-07,19:28:55,2429880.31224
1940,18,秋分,180,1940-09-23,12:45:13,1940-09-23,04:45:13,2429895.698566
1940,19,寒露,195,1940-10-08,18:42:05,1940-10-08,10:42:05,2429910.946381
1940,20,霜降,210,1940-10-23,21:39:00,1940-10-23,13:39:00,2429926.069245
1940,21,立冬,225,1940-11-07,21:26:28,1940-11-07,13:26:28,2429941.060543
1940,22,小雪,240,1940-11-22,18:48:38,1940-11-22,10:48:38,2429955.950931
1940,23,大雪,255,1940-12-07,13:57:33,1940-12-07,05:57:33,2429970.748794
1940,24,冬至,270,1940-12-22,07:54:23,1940-12-21,23:54:23,2429985.496597
1941,1,小寒,285,1941-01-06,01:03:37,1941-01-05,17:03:37,2430000.211333
1941,2,大寒,300,1941-01-20,18:33:18,1941-01-20,10:33:18,2430014.940289
1941,3,立春,315,1941-02-04,12:49:27,1941-02-04,04:49:27,2430029.701498
1941,4,雨水,330,1941-02-19,08:56:03,1941-02-19,00:56:03,2430044.53942
1941,5,惊蛰,345,1941-03-06,07:09:47,1941-03-05,23:09:47,2430059.465616
1941,6,春分,0,1941-03-21,08:20:02,1941-03-21,00:20:02,2430074.514407
1941,7,清明,15,1941-04-05,12:24:38,1941-04-05,04:24:38,2430089.684271
1941,8,谷雨,30,1941-04-20,19:50:07,1941-04-20,11:50:07,2430104.993631
1941,9,立夏,45,1941-05-06,06:09:33,1941-05-05,22:09:33,2430120.423793
1941,10,小满,60,1941-05-21,19:22:30,1941-05-21,11:22:30,2430135.974452
1941,11,芒种,75,1941-06-06,10:38:54,1941-06-06,02:38:54,2430151.610845
1941,12,夏至,90,1941-06-22,03:32:57,1941-06-21,19:32:57,2430167.315047
1941,13,小暑,105,1941-07-07,21:02:47,1941-07-07,13:02:47,2430183.044088
1941,14,大暑,120,1941-07-23,14:25:50,1941-07-23,06:25:50,2430198.76843
1941,15,立秋,135,1941-08-08,06:45:35,1941-08-07,22:45:35,2430214.44881
1941,16,处暑,150,1941-08-23,21:16:34,1941-08-23,13:16:34,2430230.053661
1941,17,白露,165,1941-09-08,09:23:31,1941-09-08,01:23:31,2430245.558496
1941,18,秋分,180,1941-09-23,18:32:25,1941-09-23,10:32:25,2430260.939671
1941,19,寒露,195,1941-10-09,00:37:55,1941-10-08,16:37:55,2430276.193495
1941,20,霜降,210,1941-10-24,03:26:51,1941-10-23,19:26:51,2430291.310809
1941,21,立冬,225,1941-11-08,03:23:46,1941-11-07,19:23:46,2430306.308663
1941,22,小雪,240,1941-11-23,00:37:30,1941-11-22,16:37:30,2430321.1932
1941,23,大雪,255,1941-12-07,19:55:41,1941-12-07,11:55:41,2430335.997497
1941,24,冬至,270,1941-12-22,13:43:49,1941-12-22,05:43:49,2430350.739255
1942,1,小寒,285,1942-01-06,07:02:00,1942-01-05,23:02:00,2430365.460219
1942,2,大寒,300,1942-01-21,00:23:10,1942-01-20,16:23:10,2430380.183253
1942,3,立春,315,1942-02-04,18:48:16,1942-02-04,10:48:16,2430394.950674
1942,4,雨水,330,1942-02-19,14:46:29,1942-02-19,06:46:29,2430409.782773
1942,5,惊蛰,345,1942-03-06,13:09:02,1942-03-06,05:09:02,2430424.715099
1942,6,春分,0,1942-03-21,14:10:18,1942-03-21,06:10:18,2430439.757641
1942,7,清明,15,1942-04-05,18:23:32,1942-04-05,10:23:32,2430454.933501
1942,8,谷雨,30,1942-04-21,01:38:49,1942-04-20,17:38:49,2430470.235779
1942,9,立夏,45,1942-05-06,12:06:33,1942-05-06,04:06:33,2430485.671707
1942,10,小满,60,1942-05-22,01:08:21,1942-05-21,17:08:21,2430501.214629
1942,11,芒种,75,1942-06-06,16:32:15,1942-06-06,08:32:15,2430516.856219
1942,12,夏至,90,1942-06-22,09:15:55,1942-06-22,01:15:55,2430532.553214
1942,13,小暑,105,1942-07-08,02:51:29,1942-07-07,18:51:29,2430548.286248
1942,14,大暑,120,1942-07-23,20:07:06,1942-07-23,12:07:06,2430564.005424
1942,15,立秋,135,1942-08-08,12:30:00,1942-08-08,04:30:00,2430579.687998
1942,16,处暑,150,1942-08-24,02:57:54,1942-08-23,18:57:54,2430595.290703
1942,17,白露,165,1942-09-08,15:05:50,1942-09-08,07:05:50,2430610.796211
1942,18,秋分,180,1942-09-24,00:16:08,1942-09-23,16:16:08,2430626.178361
1942,19,寒露,195,1942-10-09,06:21:25,1942-10-08,22:21:25,2430641.432029
1942,20,霜降,210,1942-10-24,09:14:51,1942-10-24,01:14:51,2430656.552478
1942,21,立冬,225,1942-11-08,09:10:50,1942-11-08,01:10:50,2430671.549682
1942,22,小雪,240,1942-11-23,06:30:04,1942-11-22,22:30:04,2430686.43804
1942,23,大雪,255,1942-12-08,01:46:30,1942-12-07,17:46:30,2430701.241115
1942,24,冬至,270,1942-12-22,19:39:14,1942-12-22,11:39:14,2430715.986068
1943,1,小寒,285,1943-01-06,12:54:33,1943-01-06,04:54:33,2430730.705042
1943,2,大寒,300,1943-01-21,06:18:34,1943-01-20,22:18:34,2430745.430056
1943,3,立春,315,1943-02-05,00:39:47,1943-02-04,16:39:47,2430760.194792
1943,4,雨水,330,1943-02-19,20:39:55,1943-02-19,12:39:55,2430775.028219
1943,5,惊蛰,345,1943-03-06,18:58:15,1943-03-06,10:58:15,2430789.957607
1943,6,春分,0,1943-03-21,20:02:17,1943-03-21,12:02:17,2430805.002079
1943,7,清明,15,1943-04-06,00:10:54,1943-04-05,16:10:54,2430820.174733
1943,8,谷雨,30,1943-04-21,07:31:11,1943-04-20,23:31:11,2430835.480484
1943,9,立夏,45,1943-05-06,17:53:05,1943-05-06,09:53:05,2430850.912352
1943,10,小满,60,1943-05-22,07:02:32,1943-05-21,23:02:32,2430866.460583
1943,11,芒种,75,1943-06-06,22:18:40,1943-06-06,14:18:40,2430882.096796
1943,12,夏至,90,1943-06-22,15:11:59,1943-06-22,07:11:59,2430897.800488
1943,13,小暑,105,1943-07-08,08:38:32,1943-07-08,00:38:32,2430913.527259
1943,14,大暑,120,1943-07-24,02:04:13,1943-07-23,18:04:13,2430929.25342
1943,15,立秋,135,1943-08-08,18:18:13,1943-08-08,10:18:13,2430944.929809
1943,16,处暑,150,1943-08-24,08:54:42,1943-08-24,00:54:42,2430960.538476
1943,17,白露,165,1943-09-08,20:54:52,1943-09-08,12:54:52,2430976.038593
1943,18,秋分,180,1943-09-24,06:11:24,1943-09-23,22:11:24,2430991.42508
1943,19,寒露,195,1943-10-09,12:10:12,1943-10-09,04:10:12,2431006.674248
1943,20,霜降,210,1943-10-24,15:07:58,1943-10-24,07:07:58,2431021.797695
1943,21,立冬,225,1943-11-08,14:58:28,1943-11-08,06:58:28,2431036.791093
1943,22,小雪,240,1943-11-23,12:21:10,1943-11-23,04:21:10,2431051.681862
1943,23,大雪,255,1943-12-08,07:32:34,1943-12-07,23:32:34,2431066.481443
1943,24,冬至,270,1943-12-23,01:28:47,1943-12-22,17:28:47,2431081.228816
1944,1,小寒,285,1944-01-06,18:38:59,1944-01-06,10:38:59,2431095.944228
1944,2,大寒,300,1944-01-21,12:06:48,1944-01-21,04:06:48,2431110.671883
1944,3,立春,315,1944-02-05,06:22:38,1944-02-04,22:22:38,2431125.432883
1944,4,雨水,330,1944-02-20,02:26:50,1944-02-19,18:26:50,2431140.269125
1944,5,惊蛰,345,1944-03-06,00:40:09,1944-03-05,16:40:09,2431155.195043
1944,6,春分,0,1944-03-21,01:48:17,1944-03-20,17:48:17,2431170.242354
1944,7,清明,15,1944-04-05,05:53:41,1944-04-04,21:53:41,2431185.412773
1944,8,谷雨,30,1944-04-20,13:17:29,1944-04-20,05:17:29,2431200.720971
1944,9,立夏,45,1944-05-05,23:39:26,1944-05-05,15:39:26,2431216.152879
1944,10,小满,60,1944-05-21,12:50:30,1944-05-21,04:50:30,2431231.70223
1944,11,芒种,75,1944-06-06,04:10:36,1944-06-05,20:10:36,2431247.341188
1944,12,夏至,90,1944-06-21,21:01:58,1944-06-21,13:01:58,2431263.043531
1944,13,小暑,105,1944-07-07,14:35:45,1944-07-07,06:35:45,2431278.775322
1944,14,大暑,120,1944-07-23,07:55:33,1944-07-22,23:55:33,2431294.497408
1944,15,立秋,135,1944-08-08,00:18:34,1944-08-07,16:18:34,2431310.180052
1944,16,处暑,150,1944-08-23,14:46:09,1944-08-23,06:46:09,2431325.782548
1944,17,白露,165,1944-09-08,02:55:15,1944-09-07,18:55:15,2431341.288862
1944,18,秋分,180,1944-09-23,12:01:19,1944-09-23,04:01:19,2431356.668074
1944,19,寒露,195,1944-10-08,18:08:26,1944-10-08,10:08:26,2431371.923015
1944,20,霜降,210,1944-10-23,20:55:41,1944-10-23,12:55:41,2431387.039163
1944,21,立冬,225,1944-11-07,20:54:23,1944-11-07,12:54:23,2431402.03826
1944,22,小雪,240,1944-11-22,18:07:15,1944-11-22,10:07:15,2431416.922196
1944,23,大雪,255,1944-12-07,13:27:23,1944-12-07,05:27:23,2431431.727841
1944,24,冬至,270,1944-12-22,07:14:30,1944-12-21,23:14:30,2431446.468892
1945,1,小寒,285,1945-01-06,00:34:10,1945-01-05,16:34:10,2431461.190889
1945,2,大寒,300,1945-01-20,17:53:19,1945-01-20,09:53:19,2431475.912523
1945,3,立春,315,1945-02-04,12:19:06,1945-02-04,04:19:06,2431490.680426
1945,4,雨水,330,1945-02-19,08:14:35,1945-02-19,00:14:35,2431505.510616
1945,5,惊蛰,345,1945-03-06,06:37:44,1945-03-05,22:37:44,2431520.443366
1945,6,春分,0,1945-03-21,07:36:54,1945-03-20,23:36:54,2431535.484447
1945,7,清明,15,1945-04-05,11:51:31,1945-04-05,03:51:31,2431550.661269
1945,8,谷雨,30,1945-04-20,19:06:35,1945-04-20,11:06:35,2431565.963397
1945,9,立夏,45,1945-05-06,05:36:20,1945-05-05,21:36:20,2431581.400728
1945,10,小满,60,1945-05-21,18:39:56,1945-05-21,10:39:56,2431596.944897
1945,11,芒种,75,1945-06-06,10:05:08,1945-06-06,02:05:08,2431612.587393
1945,12,夏至,90,1945-06-22,02:51:45,1945-06-21,18:51:45,2431628.286432
1945,13,小暑,105,1945-07-07,20:26:31,1945-07-07,12:26:31,2431644.018907
1945,14,大暑,120,1945-07-23,13:45:07,1945-07-23,05:45:07,2431659.740161
1945,15,立秋,135,1945-08-08,06:04:48,1945-08-07,22:04:48,2431675.420498
1945,16,处暑,150,1945-08-23,20:35:00,1945-08-23,12:35:00,2431691.024797
1945,17,白露,165,1945-09-08,08:37:52,1945-09-08,00:37:52,2431706.526793
1945,18,秋分,180,1945-09-23,17:49:28,1945-09-23,09:49:28,2431721.909848
1945,19,寒露,195,1945-10-08,23:48:53,1945-10-08,15:48:53,2431737.159438
1945,20,霜降,210,1945-10-24,02:43:18,1945-10-23,18:43:18,2431752.280561
1945,21,立冬,225,1945-11-08,02:33:55,1945-11-07,18:33:55,2431767.27405
1945,22,小雪,240,1945-11-22,23:54:54,1945-11-22,15:54:54,2431782.163617
1945,23,大雪,255,1945-12-07,19:07:24,1945-12-07,11:07:24,2431796.963964
1945,24,冬至,270,1945-12-22,13:03:16,1945-12-22,05:03:16,2431811.711094
1946,1,小寒,285,1946-01-06,06:16:03,1946-01-05,22:16:03,2431826.42831
1946,2,大寒,300,1946-01-20,23:44:19,1946-01-20,15:44:19,2431841.156274
1946,3,立春,315,1946-02-04,18:03:38,1946-02-04,10:03:38,2431855.919678
1946,4,雨水,330,1946-02-19,14:08:14,1946-02-19,06:08:14,2431870.756217
1946,5,惊蛰,345,1946-03-06,12:24:22,1946-03-06,04:24:22,2431885.684082
1946,6,春分,0,1946-03-21,13:32:22,1946-03-21,05:32:22,2431900.731309
1946,7,清明,15,1946-04-05,17:38:16,1946-04-05,09:38:16,2431915.902065
1946,8,谷雨,30,1946-04-21,01:01:53,1946-04-20,17:01:53,2431931.210133
1946,9,立夏,45,1946-05-06,11:21:12,1946-05-06,03:21:12,2431946.640212
1946,10,小满,60,1946-05-22,00:33:38,1946-05-21,16:33:38,2431962.190513
1946,11,芒种,75,1946-06-06,15:48:26,1946-06-06,07:48:26,2431977.825796
1946,12,夏至,90,1946-06-22,08:44:02,1946-06-22,00:44:02,2431993.531068
1946,13,小暑,105,1946-07-08,02:10:33,1946-07-07,18:10:33,2432009.257815
1946,14,大暑,120,1946-07-23,19:36:45,1946-07-23,11:36:45,2432024.984344
1946,15,立秋,135,1946-08-08,11:51:19,1946-08-08,03:51:19,2432040.661135
1946,16,处暑,150,1946-08-24,02:26:05,1946-08-23,18:26:05,2432056.268603
1946,17,白露,165,1946-09-08,14:27:09,1946-09-08,06:27:09,2432071.769352
1946,18,秋分,180,1946-09-23,23:40:20,1946-09-23,15:40:20,2432087.153503
1946,19,寒露,195,1946-10-09,05:40:31,1946-10-08,21:40:31,2432102.403636
1946,20,霜降,210,1946-10-24,08:34:25,1946-10-24,00:34:25,2432117.524394
1946,21,立冬,225,1946-11-08,08:26:54,1946-11-08,00:26:54,2432132.519169
1946,22,小雪,240,1946-11-23,05:46:01,1946-11-22,21:46:01,2432147.407453
1946,23,大雪,255,1946-12-08,00:59:56,1946-12-07,16:59:56,2432162.208783
1946,24,冬至,270,1946-12-22,18:53:02,1946-12-22,10:53:02,2432176.953992
1947,1,小寒,285,1947-01-06,12:06:05,1947-01-06,04:06:05,2432191.671384
1947,2,大寒,300,1947-01-21,05:31:14,1947-01-20,21:31:14,2432206.397189
1947,3,立春,315,1947-02-04,23:50:06,1947-02-04,15:50:06,2432221.160282
1947,4,雨水,330,1947-02-19,19:51:37,1947-02-19,11:51:37,2432235.994677
1947,5,惊蛰,345,1947-03-06,18:07:41,1947-03-06,10:07:41,2432250.922494
1947,6,春分,0,1947-03-21,19:12:23,1947-03-21,11:12:23,2432265.967425
1947,7,清明,15,1947-04-05,23:19:53,1947-04-05,15:19:53,2432281.1393
1947,8,谷雨,30,1947-04-21,06:39:07,1947-04-20,22:39:07,2432296.444326
1947,9,立夏,45,1947-05-06,17:02:42,1947-05-06,09:02:42,2432311.87737
1947,10,小满,60,1947-05-22,06:08:45,1947-05-21,22:08:45,2432327.42324
1947,11,芒种,75,1947-06-06,21:30:56,1947-06-06,13:30:56,2432343.063648
1947,12,夏至,90,1947-06-22,14:18:31,1947-06-22,06:18:31,2432358.763357
1947,13,小暑,105,1947-07-08,07:55:33,1947-07-07,23:55:33,2432374.497409
1947,14,大暑,120,1947-07-24,01:13:54,1947-07-23,17:13:54,2432390.218485
1947,15,立秋,135,1947-08-08,17:40:36,1947-08-08,09:40:36,2432405.903692
1947,16,处暑,150,1947-08-24,08:08:42,1947-08-24,00:08:42,2432421.506532
1947,17,白露,165,1947-09-08,20:20:50,1947-09-08,12:20:50,2432437.014957
1947,18,秋分,180,1947-09-24,05:28:20,1947-09-23,21:28:20,2432452.395168
1947,19,寒露,195,1947-10-09,11:37:03,1947-10-09,03:37:03,2432467.651221
1947,20,霜降,210,1947-10-24,14:25:34,1947-10-24,06:25:34,2432482.768254
1947,21,立冬,225,1947-11-08,14:24:08,1947-11-08,06:24:08,2432497.767252
1947,22,小雪,240,1947-11-23,11:37:21,1947-11-23,03:37:21,2432512.651437
1947,23,大雪,255,1947-12-08,06:55:57,1947-12-07,22:55:57,2432527.456013
1947,24,冬至,270,1947-12-23,00:42:29,1947-12-22,16:42:29,2432542.196663
1948,1,小寒,285,1948-01-06,17:59:59,1948-01-06,09:59:59,2432556.917146
1948,2,大寒,300,1948-01-21,11:18:08,1948-01-21,03:18:08,2432571.638085
1948,3,立春,315,1948-02-05,05:41:46,1948-02-04,21:41:46,2432586.404493
1948,4,雨水,330,1948-02-20,01:36:25,1948-02-19,17:36:25,2432601.234113
1948,5,惊蛰,345,1948-03-05,23:57:38,1948-03-05,15:57:38,2432616.165517
1948,6,春分,0,1948-03-21,00:56:30,1948-03-20,16:56:30,2432631.206392
1948,7,清明,15,1948-04-05,05:09:05,1948-04-04,21:09:05,2432646.381799
1948,8,谷雨,30,1948-04-20,12:24:35,1948-04-20,04:24:35,2432661.684237
1948,9,立夏,45,1948-05-05,22:51:58,1948-05-05,14:51:58,2432677.11992
1948,10,小满,60,1948-05-21,11:57:21,1948-05-21,03:57:21,2432692.665317
1948,11,芒种,75,1948-06-06,03:20:06,1948-06-05,19:20:06,2432708.306116
1948,12,夏至,90,1948-06-21,20:10:18,1948-06-21,12:10:18,2432724.007646
1948,13,小暑,105,1948-07-07,13:43:15,1948-07-07,05:43:15,2432739.738864
1948,14,大暑,120,1948-07-23,07:07:15,1948-07-22,23:07:15,2432755.463861
1948,15,立秋,135,1948-08-07,23:26:04,1948-08-07,15:26:04,2432771.143596
1948,16,处暑,150,1948-08-23,14:02:16,1948-08-23,06:02:16,2432786.75207
1948,17,白露,165,1948-09-08,02:04:44,1948-09-07,18:04:44,2432802.253783
1948,18,秋分,180,1948-09-23,11:21:25,1948-09-23,03:21:25,2432817.640365
1948,19,寒露,195,1948-10-08,17:20:01,1948-10-08,09:20:01,2432832.88939
1948,20,霜降,210,1948-10-23,20:17:43,1948-10-23,12:17:43,2432848.012799
1948,21,立冬,225,1948-11-07,20:06:18,1948-11-07,12:06:18,2432863.004865
1948,22,小雪,240,1948-11-22,17:28:33,1948-11-22,09:28:33,2432877.895326
1948,23,大雪,255,1948-12-07,12:37:24,1948-12-07,04:37:24,2432892.693128
1948,24,冬至,270,1948-12-22,06:32:59,1948-12-21,22:32:59,2432907.44007
1949,1,小寒,285,1949-01-05,23:40:55,1949-01-05,15:40:55,2432922.153903
1949,2,大寒,300,1949-01-20,17:08:19,1949-01-20,09:08:19,2432936.881264
1949,3,立春,315,1949-02-04,11:22:36,1949-02-04,03:22:36,2432951.64119
1949,4,雨水,330,1949-02-19,07:26:48,1949-02-18,23:26:48,2432966.477444
1949,5,惊蛰,345,1949-03-06,05:39:03,1949-03-05,21:39:03,2432981.402608
1949,6,春分,0,1949-03-21,06:47:45,1949-03-20,22:47:45,2432996.450325
1949,7,清明,15,1949-04-05,10:51:43,1949-04-05,02:51:43,2433011.61974
1949,8,谷雨,30,1949-04-20,18:17:00,1949-04-20,10:17:00,2433026.928961
1949,9,立夏,45,1949-05-06,04:36:21,1949-05-05,20:36:21,2433042.359068
1949,10,小满,60,1949-05-21,17:50:23,1949-05-21,09:50:23,2433057.910488
1949,11,芒种,75,1949-06-06,09:06:35,1949-06-06,01:06:35,2433073.546727
1949,12,夏至,90,1949-06-22,02:02:29,1949-06-21,18:02:29,2433089.252218
1949,13,小暑,105,1949-07-07,19:31:21,1949-07-07,11:31:21,2433104.980596
1949,14,大暑,120,1949-07-23,12:56:26,1949-07-23,04:56:26,2433120.706351
1949,15,立秋,135,1949-08-08,05:14:43,1949-08-07,21:14:43,2433136.385711
1949,16,处暑,150,1949-08-23,19:47:58,1949-08-23,11:47:58,2433151.992138
1949,17,白露,165,1949-09-08,07:53:55,1949-09-07,23:53:55,2433167.496274
1949,18,秋分,180,1949-09-23,17:05:34,1949-09-23,09:05:34,2433182.879357
1949,19,寒露,195,1949-10-08,23:10:48,1949-10-08,15:10:48,2433198.132994
1949,20,霜降,210,1949-10-24,02:02:43,1949-10-23,18:02:43,2433213.252376
1949,21,立冬,225,1949-11-08,01:59:32,1949-11-07,17:59:32,2433228.25017
1949,22,小雪,240,1949-11-22,23:15:48,1949-11-22,15:15:48,2433243.136462
1949,23,大雪,255,1949-12-07,18:33:10,1949-12-07,10:33:10,2433257.940197
1949,24,冬至,270,1949-12-22,12:22:37,1949-12-22,04:22:37,2433272.682866
1950,1,小寒,285,1950-01-06,05:38:29,1950-01-05,21:38:29,2433287.402216
1950,2,大寒,300,1950-01-20,22:59:21,1950-01-20,14:59:21,2433302.125045
1950,3,立春,315,1950-02-04,17:20:32,1950-02-04,09:20:32,2433316.889751
1950,4,雨水,330,1950-02-19,13:17:16,1950-02-19,05:17:16,2433331.720814
1950,5,惊蛰,345,1950-03-06,11:35:12,1950-03-06,03:35:12,2433346.649939
1950,6,春分,0,1950-03-21,12:34:53,1950-03-21,04:34:53,2433361.691383
1950,7,清明,15,1950-04-05,16:44:12,1950-04-05,08:44:12,2433376.864526
1950,8,谷雨,30,1950-04-20,23:58:52,1950-04-20,15:58:52,2433392.166373
1950,9,立夏,45,1950-05-06,10:24:26,1950-05-06,02:24:26,2433407.60079
1950,10,小满,60,1950-05-21,23:26:54,1950-05-21,15:26:54,2433423.144173
1950,11,芒种,75,1950-06-06,14:50:45,1950-06-06,06:50:45,2433438.785743
1950,12,夏至,90,1950-06-22,07:35:46,1950-06-21,23:35:46,2433454.483667
1950,13,小暑,105,1950-07-08,01:13:03,1950-07-07,17:13:03,2433470.217893
1950,14,大暑,120,1950-07-23,18:29:40,1950-07-23,10:29:40,2433485.93776
1950,15,立秋,135,1950-08-08,10:54:58,1950-08-08,02:54:58,2433501.621998
1950,16,处暑,150,1950-08-24,01:22:56,1950-08-23,17:22:56,2433517.224751
1950,17,白露,165,1950-09-08,13:33:26,1950-09-08,05:33:26,2433532.732045
1950,18,秋分,180,1950-09-23,22:43:18,1950-09-23,14:43:18,2433548.113897
1950,19,寒露,195,1950-10-09,04:51:25,1950-10-08,20:51:25,2433563.369536
1950,20,霜降,210,1950-10-24,07:44:29,1950-10-23,23:44:29,2433578.489716
1950,21,立冬,225,1950-11-08,07:43:29,1950-11-07,23:43:29,2433593.489029
1950,22,小雪,240,1950-11-23,05:02:15,1950-11-22,21:02:15,2433608.377058
1950,23,大雪,255,1950-12-08,00:21:27,1950-12-07,16:21:27,2433623.182054
1950,24,冬至,270,1950-12-22,18:13:04,1950-12-22,10:13:04,2433637.926239
1951,1,小寒,285,1951-01-06,11:30:10,1951-01-06,03:30:10,2433652.646441
1951,2,大寒,300,1951-01-21,04:51:49,1951-01-20,20:51:49,2433667.369807
1951,3,立春,315,1951-02-04,23:13:13,1951-02-04,15:13:13,2433682.134673
1951,4,雨水,330,1951-02-19,19:09:24,1951-02-19,11:09:24,2433696.96536
1951,5,惊蛰,345,1951-03-06,17:26:27,1951-03-06,09:26:27,2433711.893865
1951,6,春分,0,1951-03-21,18:25:27,1951-03-21,10:25:27,2433726.934837
1951,7,清明,15,1951-04-05,22:32:25,1951-04-05,14:32:25,2433742.106336
1951,8,谷雨,30,1951-04-21,05:47:48,1951-04-20,21:47:48,2433757.408693
1951,9,立夏,45,1951-05-06,16:09:01,1951-05-06,08:09:01,2433772.840092
1951,10,小满,60,1951-05-22,05:15:08,1951-05-21,21:15:08,2433788.385998
1951,11,芒种,75,1951-06-06,20:32:19,1951-06-06,12:32:19,2433804.022935
1951,12,夏至,90,1951-06-22,13:24:34,1951-06-22,05:24:34,2433819.725886
1951,13,小暑,105,1951-07-08,06:53:38,1951-07-07,22:53:38,2433835.454401
1951,14,大暑,120,1951-07-24,00:20:24,1951-07-23,16:20:24,2433851.181327
1951,15,立秋,135,1951-08-08,16:37:13,1951-08-08,08:37:13,2433866.859671
1951,16,处暑,150,1951-08-24,07:15:51,1951-08-23,23:15:51,2433882.469839
1951,17,白露,165,1951-09-08,19:17:57,1951-09-08,11:17:57,2433897.971294
1951,18,秋分,180,1951-09-24,04:36:36,1951-09-23,20:36:36,2433913.359239
1951,19,寒露,195,1951-10-09,10:36:09,1951-10-09,02:36:09,2433928.608934
1951,20,霜降,210,1951-10-24,13:35:46,1951-10-24,05:35:46,2433943.73367
1951,21,立冬,225,1951-11-08,13:26:23,1951-11-08,05:26:23,2433958.727144
1951,22,小雪,240,1951-11-23,10:50:50,1951-11-23,02:50:50,2433973.619125
1951,23,大雪,255,1951-12-08,06:02:06,1951-12-07,22:02:06,2433988.418613
1951,24,冬至,270,1951-12-22,23:59:49,1951-12-22,15:59:49,2434003.167028
1952,1,小寒,285,1952-01-06,17:09:31,1952-01-06,09:09:31,2434017.882103
1952,2,大寒,300,1952-01-21,10:38:10,1952-01-21,02:38:10,2434032.610327
1952,3,立春,315,1952-02-05,04:52:40,1952-02-04,20:52:40,2434047.370398
1952,4,雨水,330,1952-02-20,00:56:28,1952-02-19,16:56:28,2434062.206375
1952,5,惊蛰,345,1952-03-05,23:07:04,1952-03-05,15:07:04,2434077.130404
1952,6,春分,0,1952-03-21,00:13:30,1952-03-20,16:13:30,2434092.176535
1952,7,清明,15,1952-04-05,04:14:49,1952-04-04,20:14:49,2434107.344112
1952,8,谷雨,30,1952-04-20,11:36:24,1952-04-20,03:36:24,2434122.65077
1952,9,立夏,45,1952-05-05,21:53:47,1952-05-05,13:53:47,2434138.079515
1952,10,小满,60,1952-05-21,11:03:36,1952-05-21,03:03:36,2434153.627998
1952,11,芒种,75,1952-06-06,02:20:05,1952-06-05,18:20:05,2434169.264445
1952,12,夏至,90,1952-06-21,19:12:17,1952-06-21,11:12:17,2434184.967363
1952,13,小暑,105,1952-07-07,12:44:26,1952-07-07,04:44:26,2434200.698016
1952,14,大暑,120,1952-07-23,06:07:13,1952-07-22,22:07:13,2434216.422177
1952,15,立秋,135,1952-08-07,22:30:45,1952-08-07,14:30:45,2434232.105185
1952,16,处暑,150,1952-08-23,13:02:34,1952-08-23,05:02:34,2434247.710612
1952,17,白露,165,1952-09-08,01:13:27,1952-09-07,17:13:27,2434263.218173
1952,18,秋分,180,1952-09-23,10:23:25,1952-09-23,02:23:25,2434278.600092
1952,19,寒露,195,1952-10-08,16:32:10,1952-10-08,08:32:10,2434293.856171
1952,20,霜降,210,1952-10-23,19:21:58,1952-10-23,11:21:58,2434308.974078
1952,21,立冬,225,1952-11-07,19:21:21,1952-11-07,11:21:21,2434323.973653
1952,22,小雪,240,1952-11-22,16:35:24,1952-11-22,08:35:24,2434338.858415
1952,23,大雪,255,1952-12-07,11:55:20,1952-12-07,03:55:20,2434353.663925
1952,24,冬至,270,1952-12-22,05:42:54,1952-12-21,21:42:54,2434368.405285
1953,1,小寒,285,1953-01-05,23:01:49,1953-01-05,15:01:49,2434383.12676
1953,2,大寒,300,1953-01-20,16:21:06,1953-01-20,08:21:06,2434397.848475
1953,3,立春,315,1953-02-04,10:45:40,1953-02-04,02:45:40,2434412.61554
1953,4,雨水,330,1953-02-19,06:40:51,1953-02-18,22:40:51,2434427.445534
1953,5,惊蛰,345,1953-03-06,05:02:14,1953-03-05,21:02:14,2434442.37704
1953,6,春分,0,1953-03-21,06:00:15,1953-03-20,22:00:15,2434457.417335
1953,7,清明,15,1953-04-05,10:12:24,1953-04-05,02:12:24,2434472.592436
1953,8,谷雨,30,1953-04-20,17:25:08,1953-04-20,09:25:08,2434487.892943
1953,9,立夏,45,1953-05-06,03:52:06,1953-05-05,19:52:06,2434503.328343
1953,10,小满,60,1953-05-21,16:52:34,1953-05-21,08:52:34,2434518.870332
1953,11,芒种,75,1953-06-06,08:15:53,1953-06-06,00:15:53,2434534.511519
1953,12,夏至,90,1953-06-22,00:59:42,1953-06-21,16:59:42,2434550.208614
1953,13,小暑,105,1953-07-07,18:34:42,1953-07-07,10:34:42,2434565.941261
1953,14,大暑,120,1953-07-23,11:51:55,1953-07-23,03:51:55,2434581.66155
1953,15,立秋,135,1953-08-08,04:14:23,1953-08-07,20:14:23,2434597.343815
1953,16,处暑,150,1953-08-23,18:44:56,1953-08-23,10:44:56,2434612.948368
1953,17,白露,165,1953-09-08,06:52:31,1953-09-07,22:52:31,2434628.453626
1953,18,秋分,180,1953-09-23,16:05:39,1953-09-23,08:05:39,2434643.837748
1953,19,寒露,195,1953-10-08,22:10:12,1953-10-08,14:10:12,2434659.090906
1953,20,霜降,210,1953-10-24,01:06:01,1953-10-23,17:06:01,2434674.213001
1953,21,立冬,225,1953-11-08,01:00:44,1953-11-07,17:00:44,2434689.209338
1953,22,小雪,240,1953-11-22,22:21:50,1953-11-22,14:21:50,2434704.098987
1953,23,大雪,255,1953-12-07,17:36:46,1953-12-07,09:36:46,2434718.901031
1953,24,冬至,270,1953-12-22,11:31:13,1953-12-22,03:31:13,2434733.647167
1954,1,小寒,285,1954-01-06,04:45:05,1954-01-05,20:45:05,2434748.365131
1954,2,大寒,300,1954-01-20,22:10:49,1954-01-20,14:10:49,2434763.091338
1954,3,立春,315,1954-02-04,16:30:29,1954-02-04,08:30:29,2434777.854999
1954,4,雨水,330,1954-02-19,12:32:05,1954-02-19,04:32:05,2434792.68944
1954,5,惊蛰,345,1954-03-06,10:48:19,1954-03-06,02:48:19,2434807.617384
1954,6,春分,0,1954-03-21,11:53:10,1954-03-21,03:53:10,2434822.662416
1954,7,清明,15,1954-04-05,15:58:56,1954-04-05,07:58:56,2434837.833089
1954,8,谷雨,30,1954-04-20,23:19:18,1954-04-20,15:19:18,2434853.138899
1954,9,立夏,45,1954-05-06,09:37:56,1954-05-06,01:37:56,2434868.568501
1954,10,小满,60,1954-05-21,22:47:10,1954-05-21,14:47:10,2434884.11658
1954,11,芒种,75,1954-06-06,14:00:37,1954-06-06,06:00:37,2434899.750917
1954,12,夏至,90,1954-06-22,06:53:48,1954-06-21,22:53:48,2434915.454519
1954,13,小暑,105,1954-07-08,00:18:58,1954-07-07,16:18:58,2434931.180336
1954,14,大暑,120,1954-07-23,17:44:42,1954-07-23,09:44:42,2434946.906532
1954,15,立秋,135,1954-08-08,09:58:52,1954-08-08,01:58:52,2434962.583036
1954,16,处暑,150,1954-08-24,00:35:40,1954-08-23,16:35:40,2434978.191927
1954,17,白露,165,1954-09-08,12:37:39,1954-09-08,04:37:39,2434993.693308
1954,18,秋分,180,1954-09-23,21:55:01,1954-09-23,13:55:01,2435009.080372
1954,19,寒露,195,1954-10-09,03:57:05,1954-10-08,19:57:05,2435024.331802
1954,20,霜降,210,1954-10-24,06:56:07,1954-10-23,22:56:07,2435039.456128
1954,21,立冬,225,1954-11-08,06:50:20,1954-11-07,22:50:20,2435054.452119
1954,22,小雪,240,1954-11-23,04:13:58,1954-11-22,20:13:58,2435069.343523
1954,23,大雪,255,1954-12-07,23:28:18,1954-12-07,15:28:18,2435084.145141
1954,24,冬至,270,1954-12-22,17:24:07,1954-12-22,09:24:07,2435098.892237
1955,1,小寒,285,1955-01-06,10:35:40,1955-01-06,02:35:40,2435113.608594
1955,2,大寒,300,1955-01-21,04:01:38,1955-01-20,20:01:38,2435128.334963
1955,3,立春,315,1955-02-04,22:17:24,1955-02-04,14:17:24,2435143.095909
1955,4,雨水,330,1955-02-19,18:18:32,1955-02-19,10:18:32,2435157.930036
1955,5,惊蛰,345,1955-03-06,16:30:45,1955-03-06,08:30:45,2435172.85518
1955,6,春分,0,1955-03-21,17:34:51,1955-03-21,09:34:51,2435187.8997
1955,7,清明,15,1955-04-05,21:38:32,1955-04-05,13:38:32,2435203.068916
1955,8,谷雨,30,1955-04-21,04:57:37,1955-04-20,20:57:37,2435218.373841
1955,9,立夏,45,1955-05-06,15:17:46,1955-05-06,07:17:46,2435233.804497
1955,10,小满,60,1955-05-22,04:24:07,1955-05-21,20:24:07,2435249.350578
1955,11,芒种,75,1955-06-06,19:43:13,1955-06-06,11:43:13,2435264.988843
1955,12,夏至,90,1955-06-22,12:31:08,1955-06-22,04:31:08,2435280.688783
1955,13,小暑,105,1955-07-08,06:05:40,1955-07-07,22:05:40,2435296.421093
1955,14,大暑,120,1955-07-23,23:24:19,1955-07-23,15:24:19,2435312.142381
1955,15,立秋,135,1955-08-08,15:49:50,1955-08-08,07:49:50,2435327.826773
1955,16,处暑,150,1955-08-24,06:18:42,1955-08-23,22:18:42,2435343.430142
1955,17,白露,165,1955-09-08,18:31:34,1955-09-08,10:31:34,2435358.939077
1955,18,秋分,180,1955-09-24,03:40:39,1955-09-23,19:40:39,2435374.32039
1955,19,寒露,195,1955-10-09,09:51:56,1955-10-09,01:51:56,2435389.578228
1955,20,霜降,210,1955-10-24,12:42:49,1955-10-24,04:42:49,2435404.696893
1955,21,立冬,225,1955-11-08,12:44:58,1955-11-08,04:44:58,2435419.698386
1955,22,小雪,240,1955-11-23,10:00:39,1955-11-23,02:00:39,2435434.584282
1955,23,大雪,255,1955-12-08,05:22:35,1955-12-07,21:22:35,2435449.391177
1955,24,冬至,270,1955-12-22,23:10:40,1955-12-22,15:10:40,2435464.132905
1956,1,小寒,285,1956-01-06,16:30:05,1956-01-06,08:30:05,2435478.854719
1956,2,大寒,300,1956-01-21,09:48:05,1956-01-21,01:48:05,2435493.57555
1956,3,立春,315,1956-02-05,04:11:43,1956-02-04,20:11:43,2435508.341966
1956,4,雨水,330,1956-02-20,00:04:26,1956-02-19,16:04:26,2435523.170242
1956,5,惊蛰,345,1956-03-05,22:24:15,1956-03-05,14:24:15,2435538.100668
1956,6,春分,0,1956-03-20,23:20:04,1956-03-20,15:20:04,2435553.139425
1956,7,清明,15,1956-04-05,03:30:57,1956-04-04,19:30:57,2435568.313654
1956,8,谷雨,30,1956-04-20,10:43:13,1956-04-20,02:43:13,2435583.613843
1956,9,立夏,45,1956-05-05,21:09:46,1956-05-05,13:09:46,2435599.048938
1956,10,小满,60,1956-05-21,10:12:21,1956-05-21,02:12:21,2435614.592402
1956,11,芒种,75,1956-06-06,01:35:36,1956-06-05,17:35:36,2435630.233553
1956,12,夏至,90,1956-06-21,18:23:31,1956-06-21,10:23:31,2435645.933488
1956,13,小暑,105,1956-07-07,11:57:50,1956-07-07,03:57:50,2435661.665651
1956,14,大暑,120,1956-07-23,05:19:41,1956-07-22,21:19:41,2435677.389165
1956,15,立秋,135,1956-08-07,21:40:02,1956-08-07,13:40:02,2435693.069959
1956,16,处暑,150,1956-08-23,12:14:34,1956-08-23,04:14:34,2435708.67728
1956,17,白露,165,1956-09-08,00:18:44,1956-09-07,16:18:44,2435724.180174
1956,18,秋分,180,1956-09-23,09:34:49,1956-09-23,01:34:49,2435739.566344
1956,19,寒露,195,1956-10-08,15:35:41,1956-10-08,07:35:41,2435754.816945
1956,20,霜降,210,1956-10-23,18:34:07,1956-10-23,10:34:07,2435769.94085
1956,21,立冬,225,1956-11-07,18:25:42,1956-11-07,10:25:42,2435784.935012
1956,22,小雪,240,1956-11-22,15:49:38,1956-11-22,07:49:38,2435799.826633
1956,23,大雪,255,1956-12-07,11:01:55,1956-12-07,03:01:55,2435814.626822
1956,24,冬至,270,1956-12-22,04:59:15,1956-12-21,20:59:15,2435829.374978
1957,1,小寒,285,1957-01-05,22:10:13,1957-01-05,14:10:13,2435844.090928
1957,2,大寒,300,1957-01-20,15:38:24,1957-01-20,07:38:24,2435858.818828
1957,3,立春,315,1957-02-04,09:54:26,1957-02-04,01:54:26,2435873.579959
1957,4,雨水,330,1957-02-19,05:57:46,1957-02-18,21:57:46,2435888.415611
1957,5,惊蛰,345,1957-03-06,04:09:55,1957-03-05,20:09:55,2435903.340716
1957,6,春分,0,1957-03-21,05:16:15,1957-03-20,21:16:15,2435918.386783
1957,7,清明,15,1957-04-05,09:18:37,1957-04-05,01:18:37,2435933.555091
1957,8,谷雨,30,1957-04-20,16:41:00,1957-04-20,08:41:00,2435948.862298
1957,9,立夏,45,1957-05-06,02:58:11,1957-05-05,18:58:11,2435964.290899
1957,10,小满,60,1957-05-21,16:10:12,1957-05-21,08:10:12,2435979.840905
1957,11,芒种,75,1957-06-06,07:24:33,1957-06-05,23:24:33,2435995.475874
1957,12,夏至,90,1957-06-22,00:20:18,1957-06-21,16:20:18,2436011.181258
1957,13,小暑,105,1957-07-07,17:47:59,1957-07-07,09:47:59,2436026.908815
1957,14,大暑,120,1957-07-23,11:14:38,1957-07-23,03:14:38,2436042.635659
1957,15,立秋,135,1957-08-08,03:31:52,1957-08-07,19:31:52,2436058.314292
1957,16,处暑,150,1957-08-23,18:07:21,1957-08-23,10:07:21,2436073.922265
1957,17,白露,165,1957-09-08,06:12:00,1957-09-07,22:12:00,2436089.425496
1957,18,秋分,180,1957-09-23,15:25:51,1957-09-23,07:25:51,2436104.810117
1957,19,寒露,195,1957-10-08,21:29:47,1957-10-08,13:29:47,2436120.06284
1957,20,霜降,210,1957-10-24,00:24:00,1957-10-23,16:24:00,2436135.183827
1957,21,立冬,225,1957-11-08,00:19:51,1957-11-07,16:19:51,2436150.180942
1957,22,小雪,240,1957-11-22,21:38:50,1957-11-22,13:38:50,2436165.06913
1957,23,大雪,255,1957-12-07,16:55:46,1957-12-07,08:55:46,2436179.872551
1957,24,冬至,270,1957-12-22,10:48:24,1957-12-22,02:48:24,2436194.617443
1958,1,小寒,285,1958-01-06,04:04:09,1958-01-05,20:04:09,2436209.336705
1958,2,大寒,300,1958-01-20,21:28:16,1958-01-20,13:28:16,2436224.061793
1958,3,立春,315,1958-02-04,15:49:00,1958-02-04,07:49:00,2436238.826185
1958,4,雨水,330,1958-02-19,11:48:15,1958-02-19,03:48:15,2436253.659002
1958,5,惊蛰,345,1958-03-06,10:04:41,1958-03-06,02:04:41,2436268.587078
1958,6,春分,0,1958-03-21,11:05:36,1958-03-21,03:05:36,2436283.629379
1958,7,清明,15,1958-04-05,15:12:09,1958-04-05,07:12:09,2436298.800601
1958,8,谷雨,30,1958-04-20,22:26:47,1958-04-20,14:26:47,2436314.102422
1958,9,立夏,45,1958-05-06,08:48:59,1958-05-06,00:48:59,2436329.534516
1958,10,小满,60,1958-05-21,21:50:50,1958-05-21,13:50:50,2436345.07746
1958,11,芒种,75,1958-06-06,13:12:01,1958-06-06,05:12:01,2436360.717168
1958,12,夏至,90,1958-06-22,05:56:41,1958-06-21,21:56:41,2436376.414862
1958,13,小暑,105,1958-07-07,23:33:14,1958-07-07,15:33:14,2436392.148575
1958,14,大暑,120,1958-07-23,16:50:15,1958-07-23,08:50:15,2436407.868728
1958,15,立秋,135,1958-08-08,09:17:00,1958-08-08,01:17:00,2436423.553961
1958,16,处暑,150,1958-08-23,23:45:42,1958-08-23,15:45:42,2436439.157231
1958,17,白露,165,1958-09-08,11:58:38,1958-09-08,03:58:38,2436454.666217
1958,18,秋分,180,1958-09-23,21:08:38,1958-09-23,13:08:38,2436470.048157
1958,19,寒露,195,1958-10-09,03:18:58,1958-10-08,19:18:58,2436485.305334
1958,20,霜降,210,1958-10-24,06:11:08,1958-10-23,22:11:08,2436500.424895
1958,21,立冬,225,1958-11-08,06:11:44,1958-11-07,22:11:44,2436515.425303
1958,22,小雪,240,1958-11-23,03:28:56,1958-11-22,19:28:56,2436530.312256
1958,23,大雪,255,1958-12-07,22:49:26,1958-12-07,14:49:26,2436545.118156
1958,24,冬至,270,1958-12-22,16:39:30,1958-12-22,08:39:30,2436559.861257
1959,1,小寒,285,1959-01-06,09:58:08,1959-01-06,01:58:08,2436574.582536
1959,2,大寒,300,1959-01-21,03:18:39,1959-01-20,19:18:39,2436589.305112
1959,3,立春,315,1959-02-04,21:42:00,1959-02-04,13:42:00,2436604.071329
1959,4,雨水,330,1959-02-19,17:37:22,1959-02-19,09:37:22,2436618.901445
1959,5,惊蛰,345,1959-03-06,15:56:26,1959-03-06,07:56:26,2436633.83135
1959,6,春分,0,1959-03-21,16:54:19,1959-03-21,08:54:19,2436648.871549
1959,7,清明,15,1959-04-05,21:02:53,1959-04-05,13:02:53,2436664.044162
1959,8,谷雨,30,1959-04-21,04:16:17,1959-04-20,20:16:17,2436679.345136
1959,9,立夏,45,1959-05-06,14:38:33,1959-05-06,06:38:33,2436694.777268
1959,10,小满,60,1959-05-22,03:41:55,1959-05-21,19:41:55,2436710.321266
1959,11,芒种,75,1959-06-06,18:59:54,1959-06-06,10:59:54,2436725.958756
1959,12,夏至,90,1959-06-22,11:49:34,1959-06-22,03:49:34,2436741.659915
1959,13,小暑,105,1959-07-08,05:19:42,1959-07-07,21:19:42,2436757.389174
1959,14,大暑,120,1959-07-23,22:45:15,1959-07-23,14:45:15,2436773.115253
1959,15,立秋,135,1959-08-08,15:03:54,1959-08-08,07:03:54,2436788.794871
1959,16,处暑,150,1959-08-24,05:43:19,1959-08-23,21:43:19,2436804.405577
1959,17,白露,165,1959-09-08,17:47:44,1959-09-08,09:47:44,2436819.908637
1959,18,秋分,180,1959-09-24,03:08:15,1959-09-23,19:08:15,2436835.297884
1959,19,寒露,195,1959-10-09,09:09:38,1959-10-09,01:09:38,2436850.548849
1959,20,霜降,210,1959-10-24,12:10:48,1959-10-24,04:10:48,2436865.674665
1959,21,立冬,225,1959-11-08,12:01:54,1959-11-08,04:01:54,2436880.668484
1959,22,小雪,240,1959-11-23,09:26:45,1959-11-23,01:26:45,2436895.560734
1959,23,大雪,255,1959-12-08,04:37:07,1959-12-07,20:37:07,2436910.359607
1959,24,冬至,270,1959-12-22,22:34:08,1959-12-22,14:34:08,2436925.107531
1960,1,小寒,285,1960-01-06,15:42:17,1960-01-06,07:42:17,2436939.821526
1960,2,大寒,300,1960-01-21,09:09:50,1960-01-21,01:09:50,2436954.548993
1960,3,立春,315,1960-02-05,03:22:58,1960-02-04,19:22:58,2436969.308114
1960,4,雨水,330,1960-02-19,23:26:06,1960-02-19,15:26:06,2436984.143616
1960,5,惊蛰,345,1960-03-05,21:35:56,1960-03-05,13:35:56,2436999.067118
1960,6,春分,0,1960-03-20,22:42:28,1960-03-20,14:42:28,2437014.113319
1960,7,清明,15,1960-04-05,02:43:23,1960-04-04,18:43:23,2437029.280622
1960,8,谷雨,30,1960-04-20,10:05:42,1960-04-20,02:05:42,2437044.587787
1960,9,立夏,45,1960-05-05,20:22:24,1960-05-05,12:22:24,2437060.016046
1960,10,小满,60,1960-05-21,09:33:20,1960-05-21,01:33:20,2437075.565305
1960,11,芒种,75,1960-06-06,00:48:24,1960-06-05,16:48:24,2437091.20077
1960,12,夏至,90,1960-06-21,17:42:06,1960-06-21,09:42:06,2437106.90473
1960,13,小暑,105,1960-07-07,11:12:29,1960-07-07,03:12:29,2437122.634165
1960,14,大暑,120,1960-07-23,04:37:15,1960-07-22,20:37:15,2437138.359701
1960,15,立秋,135,1960-08-07,20:59:35,1960-08-07,12:59:35,2437154.041871
1960,16,处暑,150,1960-08-23,11:34:13,1960-08-23,03:34:13,2437169.649252
1960,17,白露,165,1960-09-07,23:45:13,1960-09-07,15:45:13,2437185.156889
1960,18,秋分,180,1960-09-23,08:58:40,1960-09-23,00:58:40,2437200.541237
1960,19,寒露,195,1960-10-08,15:08:30,1960-10-08,07:08:30,2437215.798066
1960,20,霜降,210,1960-10-23,18:01:40,1960-10-23,10:01:40,2437230.918315
1960,21,立冬,225,1960-11-07,18:01:52,1960-11-07,10:01:52,2437245.918462
1960,22,小雪,240,1960-11-22,15:18:12,1960-11-22,07:18:12,2437260.804798
1960,23,大雪,255,1960-12-07,10:37:35,1960-12-07,02:37:35,2437275.60993
1960,24,冬至,270,1960-12-22,04:25:45,1960-12-21,20:25:45,2437290.351705
1961,1,小寒,285,1961-01-05,21:42:27,1961-01-05,13:42:27,2437305.071635
1961,2,大寒,300,1961-01-20,15:00:57,1961-01-20,07:00:57,2437319.792817
1961,3,立春,315,1961-02-04,09:22:15,1961-02-04,01:22:15,2437334.557617
1961,4,雨水,330,1961-02-19,05:16:17,1961-02-18,21:16:17,2437349.386807
1961,5,惊蛰,345,1961-03-06,03:34:29,1961-03-05,19:34:29,2437364.316107
1961,6,春分,0,1961-03-21,04:31:56,1961-03-20,20:31:56,2437379.355999
1961,7,清明,15,1961-04-05,08:41:57,1961-04-05,00:41:57,2437394.529622
1961,8,谷雨,30,1961-04-20,15:54:53,1961-04-20,07:54:53,2437409.830275
1961,9,立夏,45,1961-05-06,02:21:06,1961-05-05,18:21:06,2437425.265152
1961,10,小满,60,1961-05-21,15:22:05,1961-05-21,07:22:05,2437440.807492
1961,11,芒种,75,1961-06-06,06:45:51,1961-06-05,22:45:51,2437456.449
1961,12,夏至,90,1961-06-21,23:29:55,1961-06-21,15:29:55,2437472.146275
1961,13,小暑,105,1961-07-07,17:06:27,1961-07-07,09:06:27,2437487.879969
1961,14,大暑,120,1961-07-23,10:23:25,1961-07-23,02:23:25,2437503.600091
1961,15,立秋,135,1961-08-08,02:48:11,1961-08-07,18:48:11,2437519.283954
1961,16,处暑,150,1961-08-23,17:18:22,1961-08-23,09:18:22,2437534.888245
1961,17,白露,165,1961-09-08,05:29:03,1961-09-07,21:29:03,2437550.395666
1961,18,秋分,180,1961-09-23,14:42:16,1961-09-23,06:42:16,2437565.779843
1961,19,寒露,195,1961-10-08,20:50:46,1961-10-08,12:50:46,2437581.035751
1961,20,霜降,210,1961-10-23,23:47:12,1961-10-23,15:47:12,2437596.158266
1961,21,立冬,225,1961-11-07,23:46:02,1961-11-07,15:46:02,2437611.15746
1961,22,小雪,240,1961-11-22,21:07:31,1961-11-22,13:07:31,2437626.047379
1961,23,大雪,255,1961-12-07,16:25:44,1961-12-07,08:25:44,2437640.851703
1961,24,冬至,270,1961-12-22,10:19:18,1961-12-22,02:19:18,2437655.597226
1962,1,小寒,285,1962-01-06,03:34:47,1962-01-05,19:34:47,2437670.316315
1962,2,大寒,300,1962-01-20,20:57:45,1962-01-20,12:57:45,2437685.040594
1962,3,立春,315,1962-02-04,15:17:12,1962-02-04,07:17:12,2437699.804101
1962,4,雨水,330,1962-02-19,11:14:25,1962-02-19,03:14:25,2437714.635502
1962,5,惊蛰,345,1962-03-06,09:29:21,1962-03-06,01:29:21,2437729.562543
1962,6,春分,0,1962-03-21,10:29:22,1962-03-21,02:29:22,2437744.604221
1962,7,清明,15,1962-04-05,14:34:05,1962-04-05,06:34:05,2437759.774168
1962,8,谷雨,30,1962-04-20,21:50:31,1962-04-20,13:50:31,2437775.077236
1962,9,立夏,45,1962-05-06,08:09:20,1962-05-06,00:09:20,2437790.506971
1962,10,小满,60,1962-05-21,21:16:20,1962-05-21,13:16:20,2437806.053506
1962,11,芒种,75,1962-06-06,12:31:06,1962-06-06,04:31:06,2437821.688762
1962,12,夏至,90,1962-06-22,05:23:57,1962-06-21,21:23:57,2437837.392121
1962,13,小暑,105,1962-07-07,22:50:57,1962-07-07,14:50:57,2437853.119205
1962,14,大暑,120,1962-07-23,16:17:47,1962-07-23,08:17:47,2437868.846182
1962,15,立秋,135,1962-08-08,08:33:32,1962-08-08,00:33:32,2437884.523784
1962,16,处暑,150,1962-08-23,23:12:18,1962-08-23,15:12:18,2437900.134039
1962,17,白露,165,1962-09-08,11:15:13,1962-09-08,03:15:13,2437915.636055
1962,18,秋分,180,1962-09-23,20:35:03,1962-09-23,12:35:03,2437931.024829
1962,19,寒露,195,1962-10-09,02:37:45,1962-10-08,18:37:45,2437946.27671
1962,20,霜降,210,1962-10-24,05:39:50,1962-10-23,21:39:50,2437961.403156
1962,21,立冬,225,1962-11-08,05:34:46,1962-11-07,21:34:46,2437976.399632
1962,22,小雪,240,1962-11-23,03:01:42,1962-11-22,19:01:42,2437991.293338
1962,23,大雪,255,1962-12-07,22:16:30,1962-12-07,14:16:30,2438006.095287
1962,24,冬至,270,1962-12-22,16:15:06,1962-12-22,08:15:06,2438020.844314
1963,1,小寒,285,1963-01-06,09:26:18,1963-01-06,01:26:18,2438035.560427
1963,2,大寒,300,1963-01-21,02:53:43,1963-01-20,18:53:43,2438050.287795
1963,3,立春,315,1963-02-04,21:07:36,1963-02-04,13:07:36,2438065.047436
1963,4,雨水,330,1963-02-19,17:08:26,1963-02-19,09:08:26,2438079.881352
1963,5,惊蛰,345,1963-03-06,15:17:01,1963-03-06,07:17:01,2438094.803978
1963,6,春分,0,1963-03-21,16:19:31,1963-03-21,08:19:31,2438109.847385
1963,7,清明,15,1963-04-05,20:18:31,1963-04-05,12:18:31,2438125.013357
1963,8,谷雨,30,1963-04-21,03:35:59,1963-04-20,19:35:59,2438140.317153
1963,9,立夏,45,1963-05-06,13:51:49,1963-05-06,05:51:49,2438155.744816
1963,10,小满,60,1963-05-22,02:57:59,1963-05-21,18:57:59,2438171.29076
1963,11,芒种,75,1963-06-06,18:14:17,1963-06-06,10:14:17,2438186.927077
1963,12,夏至,90,1963-06-22,11:03:52,1963-06-22,03:03:52,2438202.628178
1963,13,小暑,105,1963-07-08,04:37:28,1963-07-07,20:37:28,2438218.359841
1963,14,大暑,120,1963-07-23,21:59:03,1963-07-23,13:59:03,2438234.083172
1963,15,立秋,135,1963-08-08,14:25:16,1963-08-08,06:25:16,2438249.768038
1963,16,处暑,150,1963-08-24,04:57:23,1963-08-23,20:57:23,2438265.373678
1963,17,白露,165,1963-09-08,17:11:42,1963-09-08,09:11:42,2438280.883621
1963,18,秋分,180,1963-09-24,02:23:21,1963-09-23,18:23:21,2438296.266704
1963,19,寒露,195,1963-10-09,08:36:05,1963-10-09,00:36:05,2438311.525552
1963,20,霜降,210,1963-10-24,11:28:40,1963-10-24,03:28:40,2438326.645406
1963,21,立冬,225,1963-11-08,11:32:10,1963-11-08,03:32:10,2438341.647835
1963,22,小雪,240,1963-11-23,08:49:13,1963-11-23,00:49:13,2438356.534667
1963,23,大雪,255,1963-12-08,04:12:28,1963-12-07,20:12:28,2438371.342485
1963,24,冬至,270,1963-12-22,22:01:44,1963-12-22,14:01:44,2438386.085029
1964,1,小寒,285,1964-01-06,15:22:12,1964-01-06,07:22:12,2438400.807576
1964,2,大寒,300,1964-01-21,08:40:55,1964-01-21,00:40:55,2438415.528904
1964,3,立春,315,1964-02-05,03:04:47,1964-02-04,19:04:47,2438430.295488
1964,4,雨水,330,1964-02-19,22:57:09,1964-02-19,14:57:09,2438445.12352
1964,5,惊蛰,345,1964-03-05,21:15:52,1964-03-05,13:15:52,2438460.053184
1964,6,春分,0,1964-03-20,22:09:43,1964-03-20,14:09:43,2438475.09057
1964,7,清明,15,1964-04-05,02:18:13,1964-04-04,18:18:13,2438490.263143
1964,8,谷雨,30,1964-04-20,09:27:00,1964-04-20,01:27:00,2438505.560907
1964,9,立夏,45,1964-05-05,19:50:54,1964-05-05,11:50:54,2438520.994173
1964,10,小满,60,1964-05-21,08:49:38,1964-05-21,00:49:38,2438536.534961
1964,11,芒种,75,1964-06-06,00:11:36,1964-06-05,16:11:36,2438552.175212
1964,12,夏至,90,1964-06-21,16:56:39,1964-06-21,08:56:39,2438567.873173
1964,13,小暑,105,1964-07-07,10:32:01,1964-07-07,02:32:01,2438583.606057
1964,14,大暑,120,1964-07-23,03:52:35,1964-07-22,19:52:35,2438599.328672
1964,15,立秋,135,1964-08-07,20:16:02,1964-08-07,12:16:02,2438615.011627
1964,16,处暑,150,1964-08-23,10:50:54,1964-08-23,02:50:54,2438630.61917
1964,17,白露,165,1964-09-07,22:59:19,1964-09-07,14:59:19,2438646.125024
1964,18,秋分,180,1964-09-23,08:16:31,1964-09-23,00:16:31,2438661.511958
1964,19,寒露,195,1964-10-08,14:21:24,1964-10-08,06:21:24,2438676.765352
1964,20,霜降,210,1964-10-23,17:20:32,1964-10-23,09:20:32,2438691.889755
1964,21,立冬,225,1964-11-07,17:15:00,1964-11-07,09:15:00,2438706.885911
1964,22,小雪,240,1964-11-22,14:38:45,1964-11-22,06:38:45,2438721.777407
1964,23,大雪,255,1964-12-07,09:52:56,1964-12-07,01:52:56,2438736.578924
1964,24,冬至,270,1964-12-22,03:49:23,1964-12-21,19:49:23,2438751.32646
1965,1,小寒,285,1965-01-05,21:01:50,1965-01-05,13:01:50,2438766.043439
1965,2,大寒,300,1965-01-20,14:28:44,1965-01-20,06:28:44,2438780.770448
1965,3,立春,315,1965-02-04,08:45:59,1965-02-04,00:45:59,2438795.53243
1965,4,雨水,330,1965-02-19,04:47:41,1965-02-18,20:47:41,2438810.366944
1965,5,惊蛰,345,1965-03-06,03:00:30,1965-03-05,19:00:30,2438825.292514
1965,6,春分,0,1965-03-21,04:04:37,1965-03-20,20:04:37,2438840.337032
1965,7,清明,15,1965-04-05,08:06:35,1965-04-05,00:06:35,2438855.505061
1965,8,谷雨,30,1965-04-20,15:25:56,1965-04-20,07:25:56,2438870.810165
1965,9,立夏,45,1965-05-06,01:41:24,1965-05-05,17:41:24,2438886.237574
1965,10,小满,60,1965-05-21,14:50:05,1965-05-21,06:50:05,2438901.78528
1965,11,芒种,75,1965-06-06,06:01:59,1965-06-05,22:01:59,2438917.418533
1965,12,夏至,90,1965-06-21,22:55:33,1965-06-21,14:55:33,2438933.122404
1965,13,小暑,105,1965-07-07,16:21:15,1965-07-07,08:21:15,2438948.848582
1965,14,大暑,120,1965-07-23,09:48:03,1965-07-23,01:48:03,2438964.575528
1965,15,立秋,135,1965-08-08,02:04:28,1965-08-07,18:04:28,2438980.2536
1965,16,处暑,150,1965-08-23,16:42:36,1965-08-23,08:42:36,2438995.863406
1965,17,白露,165,1965-09-08,04:47:43,1965-09-07,20:47:43,2439011.366965
1965,18,秋分,180,1965-09-23,14:05:52,1965-09-23,06:05:52,2439026.754568
1965,19,寒露,195,1965-10-08,20:11:01,1965-10-08,12:11:01,2439042.008142
1965,20,霜降,210,1965-10-23,23:09:50,1965-10-23,15:09:50,2439057.132317
1965,21,立冬,225,1965-11-07,23:06:26,1965-11-07,15:06:26,2439072.129959
1965,22,小雪,240,1965-11-22,20:29:03,1965-11-22,12:29:03,2439087.020664
1965,23,大雪,255,1965-12-07,15:45:26,1965-12-07,07:45:26,2439101.823716
1965,24,冬至,270,1965-12-22,09:40:18,1965-12-22,01:40:18,2439116.570146
1966,1,小寒,285,1966-01-06,02:54:15,1966-01-05,18:54:15,2439131.288167
1966,2,大寒,300,1966-01-20,20:19:33,1966-01-20,12:19:33,2439146.014073
1966,3,立春,315,1966-02-04,14:37:43,1966-02-04,06:37:43,2439160.776687
1966,4,雨水,330,1966-02-19,10:37:42,1966-02-19,02:37:42,2439175.610003
1966,5,惊蛰,345,1966-03-06,08:51:15,1966-03-06,00:51:15,2439190.536085
1966,6,春分,0,1966-03-21,09:52:47,1966-03-21,01:52:47,2439205.578821
1966,7,清明,15,1966-04-05,13:56:22,1966-04-05,05:56:22,2439220.747968
1966,8,谷雨,30,1966-04-20,21:11:23,1966-04-20,13:11:23,2439236.050068
1966,9,立夏,45,1966-05-06,07:30:20,1966-05-05,23:30:20,2439251.47989
1966,10,小满,60,1966-05-21,20:31:55,1966-05-21,12:31:55,2439267.02266
1966,11,芒种,75,1966-06-06,11:49:31,1966-06-06,03:49:31,2439282.659875
1966,12,夏至,90,1966-06-22,04:33:15,1966-06-21,20:33:15,2439298.356919
1966,13,小暑,105,1966-07-07,22:06:54,1966-07-07,14:06:54,2439314.088614
1966,14,大暑,120,1966-07-23,15:23:05,1966-07-23,07:23:05,2439329.808189
1966,15,立秋,135,1966-08-08,07:48:51,1966-08-07,23:48:51,2439345.492756
1966,16,处暑,150,1966-08-23,22:17:36,1966-08-23,14:17:36,2439361.096046
1966,17,白露,165,1966-09-08,10:31:57,1966-09-08,02:31:57,2439376.606013
1966,18,秋分,180,1966-09-23,19:43:01,1966-09-23,11:43:01,2439391.988705
1966,19,寒露,195,1966-10-09,01:56:39,1966-10-08,17:56:39,2439407.248165
1966,20,霜降,210,1966-10-24,04:50:39,1966-10-23,20:50:39,2439422.368999
1966,21,立冬,225,1966-11-08,04:55:10,1966-11-07,20:55:10,2439437.37214
1966,22,小雪,240,1966-11-23,02:13:59,1966-11-22,18:13:59,2439452.260207
1966,23,大雪,255,1966-12-07,21:37:40,1966-12-07,13:37:40,2439467.068317
1966,24,冬至,270,1966-12-22,15:28:03,1966-12-22,07:28:03,2439481.81164
1967,1,小寒,285,1967-01-06,08:48:14,1967-01-06,00:48:14,2439496.533991
1967,2,大寒,300,1967-01-21,02:07:25,1967-01-20,18:07:25,2439511.255647
1967,3,立春,315,1967-02-04,20:30:44,1967-02-04,12:30:44,2439526.021832
1967,4,雨水,330,1967-02-19,16:23:34,1967-02-19,08:23:34,2439540.850198
1967,5,惊蛰,345,1967-03-06,14:41:47,1967-03-06,06:41:47,2439555.779515
1967,6,春分,0,1967-03-21,15:36:42,1967-03-21,07:36:42,2439570.817646
1967,7,清明,15,1967-04-05,19:44:35,1967-04-05,11:44:35,2439585.989786
1967,8,谷雨,30,1967-04-21,02:55:01,1967-04-20,18:55:01,2439601.288697
1967,9,立夏,45,1967-05-06,13:17:19,1967-05-06,05:17:19,2439616.720856
1967,10,小满,60,1967-05-22,02:17:46,1967-05-21,18:17:46,2439632.262829
1967,11,芒种,75,1967-06-06,17:36:13,1967-06-06,09:36:13,2439647.900646
1967,12,夏至,90,1967-06-22,10:22:44,1967-06-22,02:22:44,2439663.599615
1967,13,小暑,105,1967-07-08,03:53:14,1967-07-07,19:53:14,2439679.329132
1967,14,大暑,120,1967-07-23,21:15:45,1967-07-23,13:15:45,2439695.053095
1967,15,立秋,135,1967-08-08,13:34:46,1967-08-08,05:34:46,2439710.732975
1967,16,处暑,150,1967-08-24,04:12:19,1967-08-23,20:12:19,2439726.342384
1967,17,白露,165,1967-09-08,16:17:37,1967-09-08,08:17:37,2439741.846064
1967,18,秋分,180,1967-09-24,01:37:57,1967-09-23,17:37:57,2439757.235176
1967,19,寒露,195,1967-10-09,07:41:04,1967-10-08,23:41:04,2439772.487351
1967,20,霜降,210,1967-10-24,10:43:40,1967-10-24,02:43:40,2439787.614154
1967,21,立冬,225,1967-11-08,10:37:17,1967-11-08,02:37:17,2439802.609723
1967,22,小雪,240,1967-11-23,08:04:22,1967-11-23,00:04:22,2439817.503531
1967,23,大雪,255,1967-12-08,03:17:23,1967-12-07,19:17:23,2439832.304231
1967,24,冬至,270,1967-12-22,21:16:13,1967-12-22,13:16:13,2439847.053417
1968,1,小寒,285,1968-01-06,14:26:06,1968-01-06,06:26:06,2439861.768618
1968,2,大寒,300,1968-01-21,07:54:01,1968-01-20,23:54:01,2439876.496339
1968,3,立春,315,1968-02-05,02:07:19,1968-02-04,18:07:19,2439891.255577
1968,4,雨水,330,1968-02-19,22:09:08,1968-02-19,14:09:08,2439906.090167
1968,5,惊蛰,345,1968-03-05,20:17:41,1968-03-05,12:17:41,2439921.012772
1968,6,春分,0,1968-03-20,21:21:55,1968-03-20,13:21:55,2439936.057383
1968,7,清明,15,1968-04-05,01:20:49,1968-04-04,17:20:49,2439951.223286
1968,8,谷雨,30,1968-04-20,08:41:02,1968-04-20,00:41:02,2439966.528991
1968,9,立夏,45,1968-05-05,18:55:43,1968-05-05,10:55:43,2439981.955853
1968,10,小满,60,1968-05-21,08:05:46,1968-05-21,00:05:46,2439997.504498
1968,11,芒种,75,1968-06-05,23:19:00,1968-06-05,15:19:00,2440013.138693
1968,12,夏至,90,1968-06-21,16:13:11,1968-06-21,08:13:11,2440028.842985
1968,13,小暑,105,1968-07-07,09:41:33,1968-07-07,01:41:33,2440044.571019
1968,14,大暑,120,1968-07-23,03:07:19,1968-07-22,19:07:19,2440060.297243
1968,15,立秋,135,1968-08-07,19:27:07,1968-08-07,11:27:07,2440075.977663
1968,16,处暑,150,1968-08-23,10:02:47,1968-08-23,02:02:47,2440091.585761
1968,17,白露,165,1968-09-07,22:11:21,1968-09-07,14:11:21,2440107.091704
1968,18,秋分,180,1968-09-23,07:26:06,1968-09-22,23:26:06,2440122.47695
1968,19,寒露,195,1968-10-08,13:34:19,1968-10-08,05:34:19,2440137.732661
1968,20,霜降,210,1968-10-23,16:29:30,1968-10-23,08:29:30,2440152.854313
1968,21,立冬,225,1968-11-07,16:29:13,1968-11-07,08:29:13,2440167.854115
1968,22,小雪,240,1968-11-22,13:48:27,1968-11-22,05:48:27,2440182.742471
1968,23,大雪,255,1968-12-07,09:08:11,1968-12-07,01:08:11,2440197.547845
1968,24,冬至,270,1968-12-22,02:59:41,1968-12-21,18:59:41,2440212.291938
1969,1,小寒,285,1969-01-05,20:16:45,1969-01-05,12:16:45,2440227.012121
1969,2,大寒,300,1969-01-20,13:38:07,1969-01-20,05:38:07,2440241.735296
1969,3,立春,315,1969-02-04,07:58:49,1969-02-03,23:58:49,2440256.499668
1969,4,雨水,330,1969-02-19,03:54:25,1969-02-18,19:54:25,2440271.329956
1969,5,惊蛰,345,1969-03-06,02:10:30,1969-03-05,18:10:30,2440286.257785
1969,6,春分,0,1969-03-21,03:08:01,1969-03-20,19:08:01,2440301.29773
1969,7,清明,15,1969-04-05,07:14:47,1969-04-04,23:14:47,2440316.46909
1969,8,谷雨,30,1969-04-20,14:26:48,1969-04-20,06:26:48,2440331.769107
1969,9,立夏,45,1969-05-06,00:49:43,1969-05-05,16:49:43,2440347.201683
1969,10,小满,60,1969-05-21,13:49:40,1969-05-21,05:49:40,2440362.743317
1969,11,芒种,75,1969-06-06,05:11:26,1969-06-05,21:11:26,2440378.38343
1969,12,夏至,90,1969-06-21,21:54:58,1969-06-21,13:54:58,2440394.080337
1969,13,小暑,105,1969-07-07,15:31:27,1969-07-07,07:31:27,2440409.814005
1969,14,大暑,120,1969-07-23,08:48:06,1969-07-23,00:48:06,2440425.533893
1969,15,立秋,135,1969-08-08,01:14:03,1969-08-07,17:14:03,2440441.218583
1969,16,处暑,150,1969-08-23,15:43:18,1969-08-23,07:43:18,2440456.82223
1969,17,白露,165,1969-09-08,03:55:21,1969-09-07,19:55:21,2440472.330601
1969,18,秋分,180,1969-09-23,13:06:49,1969-09-23,05:06:49,2440487.713567
1969,19,寒露,195,1969-10-08,19:16:36,1969-10-08,11:16:36,2440502.970358
1969,20,霜降,210,1969-10-23,22:10:59,1969-10-23,14:10:59,2440518.09145
1969,21,立冬,225,1969-11-07,22:11:17,1969-11-07,14:11:17,2440533.09166
1969,22,小雪,240,1969-11-22,19:31:01,1969-11-22,11:31:01,2440547.980367
1969,23,大雪,255,1969-12-07,14:51:15,1969-12-07,06:51:15,2440562.786085
1969,24,冬至,270,1969-12-22,08:43:38,1969-12-22,00:43:38,2440577.530795
1970,1,小寒,285,1970-01-06,02:01:38,1970-01-05,18:01:38,2440592.251632
1970,2,大寒,300,1970-01-20,19:23:45,1970-01-20,11:23:45,2440606.975323
1970,3,立春,315,1970-02-04,13:45:42,1970-02-04,05:45:42,2440621.740558
1970,4,雨水,330,1970-02-19,09:41:44,1970-02-19,01:41:44,2440636.57114
1970,5,惊蛰,345,1970-03-06,07:58:25,1970-03-05,23:58:25,2440651.4994
1970,6,春分,0,1970-03-21,08:56:15,1970-03-21,00:56:15,2440666.539561
1970,7,清明,15,1970-04-05,13:01:42,1970-04-05,05:01:42,2440681.710006
1970,8,谷雨,30,1970-04-20,20:14:52,1970-04-20,12:14:52,2440697.010814
1970,9,立夏,45,1970-05-06,06:33:44,1970-05-05,22:33:44,2440712.44059
1970,10,小满,60,1970-05-21,19:37:16,1970-05-21,11:37:16,2440727.984706
1970,11,芒种,75,1970-06-06,10:52:12,1970-06-06,02:52:12,2440743.620072
1970,12,夏至,90,1970-06-22,03:42:35,1970-06-21,19:42:35,2440759.321735
1970,13,小暑,105,1970-07-07,21:10:30,1970-07-07,13:10:30,2440775.049447
1970,14,大暑,120,1970-07-23,14:36:49,1970-07-23,06:36:49,2440790.776065
1970,15,立秋,135,1970-08-08,06:54:04,1970-08-07,22:54:04,2440806.454702
1970,16,处暑,150,1970-08-23,21:33:49,1970-08-23,13:33:49,2440822.065649
1970,17,白露,165,1970-09-08,09:37:51,1970-09-08,01:37:51,2440837.56845
1970,18,秋分,180,1970-09-23,18:58:55,1970-09-23,10:58:55,2440852.95807
1970,19,寒露,195,1970-10-09,01:01:30,1970-10-08,17:01:30,2440868.209873
1970,20,霜降,210,1970-10-24,04:04:10,1970-10-23,20:04:10,2440883.33672
1970,21,立冬,225,1970-11-08,03:57:41,1970-11-07,19:57:41,2440898.332214
1970,22,小雪,240,1970-11-23,01:24:30,1970-11-22,17:24:30,2440913.225841
1970,23,大雪,255,1970-12-07,20:37:17,1970-12-07,12:37:17,2440928.02638
1970,24,冬至,270,1970-12-22,14:35:37,1970-12-22,06:35:37,2440942.775231
1971,1,小寒,285,1971-01-06,07:45:03,1971-01-05,23:45:03,2440957.49011
1971,2,大寒,300,1971-01-21,01:12:37,1971-01-20,17:12:37,2440972.217592
1971,3,立春,315,1971-02-04,19:25:22,1971-02-04,11:25:22,2440986.976444
1971,4,雨水,330,1971-02-19,15:26:54,1971-02-19,07:26:54,2441001.81084
1971,5,惊蛰,345,1971-03-06,13:34:41,1971-03-06,05:34:41,2441016.732913
1971,6,春分,0,1971-03-21,14:38:06,1971-03-21,06:38:06,2441031.776948
1971,7,清明,15,1971-04-05,18:35:57,1971-04-05,10:35:57,2441046.942126
1971,8,谷雨,30,1971-04-21,01:54:11,1971-04-20,17:54:11,2441062.246451
1971,9,立夏,45,1971-05-06,12:08:05,1971-05-06,04:08:05,2441077.672778
1971,10,小满,60,1971-05-22,01:14:58,1971-05-21,17:14:58,2441093.219218
1971,11,芒种,75,1971-06-06,16:28:49,1971-06-06,08:28:49,2441108.853844
1971,12,夏至,90,1971-06-22,09:19:33,1971-06-22,01:19:33,2441124.555738
1971,13,小暑,105,1971-07-08,02:51:06,1971-07-07,18:51:06,2441140.285985
1971,14,大暑,120,1971-07-23,20:14:43,1971-07-23,12:14:43,2441156.010711
1971,15,立秋,135,1971-08-08,12:40:11,1971-08-08,04:40:11,2441171.695064
1971,16,处暑,150,1971-08-24,03:15:14,1971-08-23,19:15:14,2441187.302739
1971,17,白露,165,1971-09-08,15:30:10,1971-09-08,07:30:10,2441202.813108
1971,18,秋分,180,1971-09-24,00:44:51,1971-09-23,16:44:51,2441218.198309
1971,19,寒露,195,1971-10-09,06:58:31,1971-10-08,22:58:31,2441233.457793
1971,20,霜降,210,1971-10-24,09:53:07,1971-10-24,01:53:07,2441248.579048
1971,21,立冬,225,1971-11-08,09:56:34,1971-11-08,01:56:34,2441263.581446
1971,22,小雪,240,1971-11-23,07:13:56,1971-11-22,23:13:56,2441278.468507
1971,23,大雪,255,1971-12-08,02:35:41,1971-12-07,18:35:41,2441293.275279
1971,24,冬至,270,1971-12-22,20:23:53,1971-12-22,12:23:53,2441308.017077
1972,1,小寒,285,1972-01-06,13:41:49,1972-01-06,05:41:49,2441322.737869
1972,2,大寒,300,1972-01-21,06:58:58,1972-01-20,22:58:58,2441337.458111
1972,3,立春,315,1972-02-05,01:20:11,1972-02-04,17:20:11,2441352.222848
1972,4,雨水,330,1972-02-19,21:11:22,1972-02-19,13:11:22,2441367.050052
1972,5,惊蛰,345,1972-03-05,19:28:04,1972-03-05,11:28:04,2441381.978315
1972,6,春分,0,1972-03-20,20:21:23,1972-03-20,12:21:23,2441397.015345
1972,7,清明,15,1972-04-05,00:28:50,1972-04-04,16:28:50,2441412.187183
1972,8,谷雨,30,1972-04-20,07:37:26,1972-04-19,23:37:26,2441427.484826
1972,9,立夏,45,1972-05-05,18:01:09,1972-05-05,10:01:09,2441442.917959
1972,10,小满,60,1972-05-21,06:59:28,1972-05-20,22:59:28,2441458.458454
1972,11,芒种,75,1972-06-05,22:21:58,1972-06-05,14:21:58,2441474.09908
1972,12,夏至,90,1972-06-21,15:06:09,1972-06-21,07:06:09,2441489.796433
1972,13,小暑,105,1972-07-07,08:42:53,1972-07-07,00:42:53,2441505.530282
1972,14,大暑,120,1972-07-23,02:02:29,1972-07-22,18:02:29,2441521.252233
1972,15,立秋,135,1972-08-07,18:28:29,1972-08-07,10:28:29,2441536.936948
1972,16,处暑,150,1972-08-23,09:02:59,1972-08-23,01:02:59,2441552.544246
1972,17,白露,165,1972-09-07,21:15:05,1972-09-07,13:15:05,2441568.052646
1972,18,秋分,180,1972-09-23,06:32:43,1972-09-22,22:32:43,2441583.439892
1972,19,寒露,195,1972-10-08,12:41:44,1972-10-08,04:41:44,2441598.696156
1972,20,霜降,210,1972-10-23,15:41:26,1972-10-23,07:41:26,2441613.820949
1972,21,立冬,225,1972-11-07,15:39:23,1972-11-07,07:39:23,2441628.81952
1972,22,小雪,240,1972-11-22,13:02:40,1972-11-22,05:02:40,2441643.710695
1972,23,大雪,255,1972-12-07,08:18:43,1972-12-07,00:18:43,2441658.513498
1972,24,冬至,270,1972-12-22,02:12:52,1972-12-21,18:12:52,2441673.259444
1973,1,小寒,285,1973-01-05,19:25:17,1973-01-05,11:25:17,2441687.976411
1973,2,大寒,300,1973-01-20,12:48:10,1973-01-20,04:48:10,2441702.700635
1973,3,立春,315,1973-02-04,07:04:10,1973-02-03,23:04:10,2441717.461743
1973,4,雨水,330,1973-02-19,03:01:07,1973-02-18,19:01:07,2441732.292956
1973,5,惊蛰,345,1973-03-06,01:12:33,1973-03-05,17:12:33,2441747.21757
1973,6,春分,0,1973-03-21,02:12:25,1973-03-20,18:12:25,2441762.259134
1973,7,清明,15,1973-04-05,06:13:51,1973-04-04,22:13:51,2441777.426796
1973,8,谷雨,30,1973-04-20,13:30:20,1973-04-20,05:30:20,2441792.729914
1973,9,立夏,45,1973-05-05,23:46:21,1973-05-05,15:46:21,2441808.157705
1973,10,小满,60,1973-05-21,12:53:48,1973-05-21,04:53:48,2441823.704549
1973,11,芒种,75,1973-06-06,04:06:49,1973-06-05,20:06:49,2441839.338583
1973,12,夏至,90,1973-06-21,21:00:33,1973-06-21,13:00:33,2441855.042568
1973,13,小暑,105,1973-07-07,14:27:20,1973-07-07,06:27:20,2441870.7695
1973,14,大暑,120,1973-07-23,07:55:31,1973-07-22,23:55:31,2441886.497408
1973,15,立秋,135,1973-08-08,00:12:47,1973-08-07,16:12:47,2441902.176057
1973,16,处暑,150,1973-08-23,14:53:27,1973-08-23,06:53:27,2441917.787631
1973,17,白露,165,1973-09-08,02:59:22,1973-09-07,18:59:22,2441933.291747
1973,18,秋分,180,1973-09-23,12:21:06,1973-09-23,04:21:06,2441948.681834
1973,19,寒露,195,1973-10-08,18:27:14,1973-10-08,10:27:14,2441963.93609
1973,20,霜降,210,1973-10-23,21:30:09,1973-10-23,13:30:09,2441979.06312
1973,21,立冬,225,1973-11-07,21:27:37,1973-11-07,13:27:37,2441994.061366
1973,22,小雪,240,1973-11-22,18:54:00,1973-11-22,10:54:00,2442008.954687
1973,23,大雪,255,1973-12-07,14:10:24,1973-12-07,06:10:24,2442023.757736
1973,24,冬至,270,1973-12-22,08:07:41,1973-12-22,00:07:41,2442038.505855
1974,1,小寒,285,1974-01-06,01:19:55,1974-01-05,17:19:55,2442053.222687
1974,2,大寒,300,1974-01-20,18:45:38,1974-01-20,10:45:38,2442067.94889
1974,3,立春,315,1974-02-04,13:00:04,1974-02-04,05:00:04,2442082.70891
1974,4,雨水,330,1974-02-19,08:58:39,1974-02-19,00:58:39,2442097.541258
1974,5,惊蛰,345,1974-03-06,07:07:05,1974-03-05,23:07:05,2442112.463776
1974,6,春分,0,1974-03-21,08:06:35,1974-03-21,00:06:35,2442127.505105
1974,7,清明,15,1974-04-05,12:04:58,1974-04-05,04:04:58,2442142.670647
1974,8,谷雨,30,1974-04-20,19:18:49,1974-04-20,11:18:49,2442157.971927
1974,9,立夏,45,1974-05-06,05:33:51,1974-05-05,21:33:51,2442173.399035
1974,10,小满,60,1974-05-21,18:36:02,1974-05-21,10:36:02,2442188.942214
1974,11,芒种,75,1974-06-06,09:51:39,1974-06-06,01:51:39,2442204.57806
1974,12,夏至,90,1974-06-22,02:37:35,1974-06-21,18:37:35,2442220.276628
1974,13,小暑,105,1974-07-07,20:11:05,1974-07-07,12:11:05,2442236.008222
1974,14,大暑,120,1974-07-23,13:30:10,1974-07-23,05:30:10,2442251.729812
1974,15,立秋,135,1974-08-08,05:57:09,1974-08-07,21:57:09,2442267.41522
1974,16,处暑,150,1974-08-23,20:28:39,1974-08-23,12:28:39,2442283.020425
1974,17,白露,165,1974-09-08,08:45:03,1974-09-08,00:45:03,2442298.531815
1974,18,秋分,180,1974-09-23,17:58:24,1974-09-23,09:58:24,2442313.916083
1974,19,寒露,195,1974-10-09,00:14:38,1974-10-08,16:14:38,2442329.177353
1974,20,霜降,210,1974-10-24,03:10:35,1974-10-23,19:10:35,2442344.299541
1974,21,立冬,225,1974-11-08,03:17:57,1974-11-07,19:17:57,2442359.304662
1974,22,小雪,240,1974-11-23,00:38:25,1974-11-22,16:38:25,2442374.193879
1974,23,大雪,255,1974-12-07,20:04:36,1974-12-07,12:04:36,2442389.003727
1974,24,冬至,270,1974-12-22,13:55:56,1974-12-22,05:55:56,2442403.747702
1975,1,小寒,285,1975-01-06,07:17:29,1975-01-05,23:17:29,2442418.471013
1975,2,大寒,300,1975-01-21,00:36:13,1975-01-20,16:36:13,2442433.192362
1975,3,立春,315,1975-02-04,18:59:10,1975-02-04,10:59:10,2442447.958294
1975,4,雨水,330,1975-02-19,14:49:41,1975-02-19,06:49:41,2442462.785045
1975,5,惊蛰,345,1975-03-06,13:05:45,1975-03-06,05:05:45,2442477.71287
1975,6,春分,0,1975-03-21,13:56:38,1975-03-21,05:56:38,2442492.748207
1975,7,清明,15,1975-04-05,18:01:28,1975-04-05,10:01:28,2442507.918227
1975,8,谷雨,30,1975-04-21,01:07:11,1975-04-20,17:07:11,2442523.213868
1975,9,立夏,45,1975-05-06,11:27:10,1975-05-06,03:27:10,2442538.644404
1975,10,小满,60,1975-05-22,00:23:39,1975-05-21,16:23:39,2442554.183625
1975,11,芒种,75,1975-06-06,15:42:00,1975-06-06,07:42:00,2442569.821369
1975,12,夏至,90,1975-06-22,08:26:24,1975-06-22,00:26:24,2442585.518878
1975,13,小暑,105,1975-07-08,01:59:23,1975-07-07,17:59:23,2442601.250109
1975,14,大暑,120,1975-07-23,19:21:43,1975-07-23,11:21:43,2442616.973958
1975,15,立秋,135,1975-08-08,11:44:52,1975-08-08,03:44:52,2442632.656698
1975,16,处暑,150,1975-08-24,02:23:35,1975-08-23,18:23:35,2442648.266922
1975,17,白露,165,1975-09-08,14:33:16,1975-09-08,06:33:16,2442663.773645
1975,18,秋分,180,1975-09-23,23:55:10,1975-09-23,15:55:10,2442679.163854
1975,19,寒露,195,1975-10-09,06:02:02,1975-10-08,22:02:02,2442694.418624
1975,20,霜降,210,1975-10-24,09:06:00,1975-10-24,01:06:00,2442709.546371
1975,21,立冬,225,1975-11-08,09:02:36,1975-11-08,01:02:36,2442724.54401
1975,22,小雪,240,1975-11-23,06:30:42,1975-11-22,22:30:42,2442739.438522
1975,23,大雪,255,1975-12-08,01:46:09,1975-12-07,17:46:09,2442754.240923
1975,24,冬至,270,1975-12-22,19:45:33,1975-12-22,11:45:33,2442768.9905
1976,1,小寒,285,1976-01-06,12:57:21,1976-01-06,04:57:21,2442783.707045
1976,2,大寒,300,1976-01-21,06:25:05,1976-01-20,22:25:05,2442798.434632
1976,3,立春,315,1976-02-05,00:39:26,1976-02-04,16:39:26,2442813.194608
1976,4,雨水,330,1976-02-19,20:39:53,1976-02-19,12:39:53,2442828.02825
1976,5,惊蛰,345,1976-03-05,18:48:05,1976-03-05,10:48:05,2442842.950615
1976,6,春分,0,1976-03-20,19:49:34,1976-03-20,11:49:34,2442857.993302
1976,7,清明,15,1976-04-04,23:46:26,1976-04-04,15:46:26,2442873.157803
1976,8,谷雨,30,1976-04-20,07:02:55,1976-04-19,23:02:55,2442888.460906
1976,9,立夏,45,1976-05-05,17:14:24,1976-05-05,09:14:24,2442903.885553
1976,10,小满,60,1976-05-21,06:21:04,1976-05-20,22:21:04,2442919.431849
1976,11,芒种,75,1976-06-05,21:31:13,1976-06-05,13:31:13,2442935.063892
1976,12,夏至,90,1976-06-21,14:24:10,1976-06-21,06:24:10,2442950.767338
1976,13,小暑,105,1976-07-07,07:50:50,1976-07-06,23:50:50,2442966.494181
1976,14,大暑,120,1976-07-23,01:18:25,1976-07-22,17:18:25,2442982.221677
1976,15,立秋,135,1976-08-07,17:38:20,1976-08-07,09:38:20,2442997.902178
1976,16,处暑,150,1976-08-23,08:18:14,1976-08-23,00:18:14,2443013.513213
1976,17,白露,165,1976-09-07,20:28:11,1976-09-07,12:28:11,2443029.020127
1976,18,秋分,180,1976-09-23,05:48:10,1976-09-22,21:48:10,2443044.408998
1976,19,寒露,195,1976-10-08,11:58:02,1976-10-08,03:58:02,2443059.66585
1976,20,霜降,210,1976-10-23,14:58:00,1976-10-23,06:58:00,2443074.790832
1976,21,立冬,225,1976-11-07,14:58:34,1976-11-07,06:58:34,2443089.791222
1976,22,小雪,240,1976-11-22,12:21:29,1976-11-22,04:21:29,2443104.682138
1976,23,大雪,255,1976-12-07,07:40:56,1976-12-06,23:40:56,2443119.487313
1976,24,冬至,270,1976-12-22,01:35:07,1976-12-21,17:35:07,2443134.233272
1977,1,小寒,285,1977-01-05,18:51:02,1977-01-05,10:51:02,2443148.952664
1977,2,大寒,300,1977-01-20,12:14:24,1977-01-20,04:14:24,2443163.677235
1977,3,立春,315,1977-02-04,06:33:23,1977-02-03,22:33:23,2443178.440415
1977,4,雨水,330,1977-02-19,02:30:25,1977-02-18,18:30:25,2443193.271684
1977,5,惊蛰,345,1977-03-06,00:44:07,1977-03-05,16:44:07,2443208.197869
1977,6,春分,0,1977-03-21,01:42:15,1977-03-20,17:42:15,2443223.238232
1977,7,清明,15,1977-04-05,05:45:43,1977-04-04,21:45:43,2443238.407311
1977,8,谷雨,30,1977-04-20,12:57:12,1977-04-20,04:57:12,2443253.706954
1977,9,立夏,45,1977-05-05,23:15:59,1977-05-05,15:15:59,2443269.136659
1977,10,小满,60,1977-05-21,12:14:20,1977-05-21,04:14:20,2443284.677184
1977,11,芒种,75,1977-06-06,03:32:01,1977-06-05,19:32:01,2443300.314466
1977,12,夏至,90,1977-06-21,20:13:44,1977-06-21,12:13:44,2443316.010101
1977,13,小暑,105,1977-07-07,13:47:52,1977-07-07,05:47:52,2443331.742135
1977,14,大暑,120,1977-07-23,07:03:37,1977-07-22,23:03:37,2443347.461407
1977,15,立秋,135,1977-08-07,23:30:13,1977-08-07,15:30:13,2443363.146546
1977,16,处暑,150,1977-08-23,14:00:13,1977-08-23,06:00:13,2443378.750716
1977,17,白露,165,1977-09-08,02:15:41,1977-09-07,18:15:41,2443394.26145
1977,18,秋分,180,1977-09-23,11:29:13,1977-09-23,03:29:13,2443409.645858
1977,19,寒露,195,1977-10-08,17:43:56,1977-10-08,09:43:56,2443424.906068
1977,20,霜降,210,1977-10-23,20:40:39,1977-10-23,12:40:39,2443440.028792
1977,21,立冬,225,1977-11-07,20:45:49,1977-11-07,12:45:49,2443455.032376
1977,22,小雪,240,1977-11-22,18:06:59,1977-11-22,10:06:59,2443469.922084
1977,23,大雪,255,1977-12-07,13:30:49,1977-12-07,05:30:49,2443484.730299
1977,24,冬至,270,1977-12-22,07:23:08,1977-12-21,23:23:08,2443499.474961
1978,1,小寒,285,1978-01-06,00:43:12,1978-01-05,16:43:12,2443514.197242
1978,2,大寒,300,1978-01-20,18:03:58,1978-01-20,10:03:58,2443528.919996
1978,3,立春,315,1978-02-04,12:26:57,1978-02-04,04:26:57,2443543.685956
1978,4,雨水,330,1978-02-19,08:20:55,1978-02-19,00:20:55,2443558.515099
1978,5,惊蛰,345,1978-03-06,06:38:11,1978-03-05,22:38:11,2443573.443752
1978,6,春分,0,1978-03-21,07:33:32,1978-03-20,23:33:32,2443588.482191
1978,7,清明,15,1978-04-05,11:39:19,1978-04-05,03:39:19,2443603.652881
1978,8,谷雨,30,1978-04-20,18:49:30,1978-04-20,10:49:30,2443618.951622
1978,9,立夏,45,1978-05-06,05:08:32,1978-05-05,21:08:32,2443634.381499
1978,10,小满,60,1978-05-21,18:08:25,1978-05-21,10:08:25,2443649.923084
1978,11,芒种,75,1978-06-06,09:23:05,1978-06-06,01:23:05,2443665.558274
1978,12,夏至,90,1978-06-22,02:09:32,1978-06-21,18:09:32,2443681.257198
1978,13,小暑,105,1978-07-07,19:36:56,1978-07-07,11:36:56,2443696.984556
1978,14,大暑,120,1978-07-23,13:00:14,1978-07-23,05:00:14,2443712.709068
1978,15,立秋,135,1978-08-08,05:17:39,1978-08-07,21:17:39,2443728.387829
1978,16,处暑,150,1978-08-23,19:56:46,1978-08-23,11:56:46,2443743.998327
1978,17,白露,165,1978-09-08,08:02:23,1978-09-08,00:02:23,2443759.502225
1978,18,秋分,180,1978-09-23,17:25:23,1978-09-23,09:25:23,2443774.893204
1978,19,寒露,195,1978-10-08,23:30:54,1978-10-08,15:30:54,2443790.14703
1978,20,霜降,210,1978-10-24,02:37:08,1978-10-23,18:37:08,2443805.276368
1978,21,立冬,225,1978-11-08,02:34:02,1978-11-07,18:34:02,2443820.274206
1978,22,小雪,240,1978-11-23,00:04:36,1978-11-22,16:04:36,2443835.170436
1978,23,大雪,255,1978-12-07,19:20:02,1978-12-07,11:20:02,2443849.972818
1978,24,冬至,270,1978-12-22,13:20:57,1978-12-22,05:20:57,2443864.723457
1979,1,小寒,285,1979-01-06,06:31:32,1979-01-05,22:31:32,2443879.439147
1979,2,大寒,300,1979-01-20,23:59:54,1979-01-20,15:59:54,2443894.167183
1979,3,立春,315,1979-02-04,18:12:17,1979-02-04,10:12:17,2443908.925778
1979,4,雨水,330,1979-02-19,14:13:11,1979-02-19,06:13:11,2443923.759746
1979,5,惊蛰,345,1979-03-06,12:19:36,1979-03-06,04:19:36,2443938.680867
1979,6,春分,0,1979-03-21,13:21:54,1979-03-21,05:21:54,2443953.724132
1979,7,清明,15,1979-04-05,17:17:56,1979-04-05,09:17:56,2443968.888037
1979,8,谷雨,30,1979-04-21,00:35:21,1979-04-20,16:35:21,2443984.191801
1979,9,立夏,45,1979-05-06,10:47:09,1979-05-06,02:47:09,2443999.616667
1979,10,小满,60,1979-05-21,23:53:50,1979-05-21,15:53:50,2444015.162967
1979,11,芒种,75,1979-06-06,15:05:10,1979-06-06,07:05:10,2444030.795846
1979,12,夏至,90,1979-06-22,07:56:09,1979-06-21,23:56:09,2444046.497916
1979,13,小暑,105,1979-07-08,01:24:36,1979-07-07,17:24:36,2444062.226003
1979,14,大暑,120,1979-07-23,18:48:31,1979-07-23,10:48:31,2444077.950948
1979,15,立秋,135,1979-08-08,11:10:53,1979-08-08,03:10:53,2444093.63314
1979,16,处暑,150,1979-08-24,01:46:43,1979-08-23,17:46:43,2444109.241358
1979,17,白露,165,1979-09-08,13:59:45,1979-09-08,05:59:45,2444124.750412
1979,18,秋分,180,1979-09-23,23:16:22,1979-09-23,15:16:22,2444140.136958
1979,19,寒露,195,1979-10-09,05:30:02,1979-10-08,21:30:02,2444155.396443
1979,20,霜降,210,1979-10-24,08:27:49,1979-10-24,00:27:49,2444170.519904
1979,21,立冬,225,1979-11-08,08:32:46,1979-11-08,00:32:46,2444185.523346
1979,22,小雪,240,1979-11-23,05:54:05,1979-11-22,21:54:05,2444200.413148
1979,23,大雪,255,1979-12-08,01:17:48,1979-12-07,17:17:48,2444215.221278
1979,24,冬至,270,1979-12-22,19:09:45,1979-12-22,11:09:45,2444229.965688
1980,1,小寒,285,1980-01-06,12:28:52,1980-01-06,04:28:52,2444244.687311
1980,2,大寒,300,1980-01-21,05:48:36,1980-01-20,21:48:36,2444259.409346
1980,3,立春,315,1980-02-05,00:09:27,1980-02-04,16:09:27,2444274.173828
1980,4,雨水,330,1980-02-19,20:01:38,1980-02-19,12:01:38,2444289.001732
1980,5,惊蛰,345,1980-03-05,18:16:29,1980-03-05,10:16:29,2444303.928711
1980,6,春分,0,1980-03-20,19:09:40,1980-03-20,11:09:40,2444318.965642
1980,7,清明,15,1980-04-04,23:14:41,1980-04-04,15:14:41,2444334.135795
1980,8,谷雨,30,1980-04-20,06:22:40,1980-04-19,22:22:40,2444349.433011
1980,9,立夏,45,1980-05-05,16:44:28,1980-05-05,08:44:28,2444364.864811
1980,10,小满,60,1980-05-21,05:42:02,1980-05-20,21:42:02,2444380.404784
1980,11,芒种,75,1980-06-05,21:03:44,1980-06-05,13:03:44,2444396.044853
1980,12,夏至,90,1980-06-21,13:47:00,1980-06-21,05:47:00,2444411.741567
1980,13,小暑,105,1980-07-07,07:23:56,1980-07-06,23:23:56,2444427.475547
1980,14,大暑,120,1980-07-23,00:41:58,1980-07-22,16:41:58,2444443.196409
1980,15,立秋,135,1980-08-07,17:08:30,1980-08-07,09:08:30,2444458.881504
1980,16,处暑,150,1980-08-23,07:40:37,1980-08-22,23:40:37,2444474.487142
1980,17,白露,165,1980-09-07,19:53:27,1980-09-07,11:53:27,2444489.996044
1980,18,秋分,180,1980-09-23,05:08:40,1980-09-22,21:08:40,2444505.381616
1980,19,寒露,195,1980-10-08,11:19:15,1980-10-08,03:19:15,2444520.638962
1980,20,霜降,210,1980-10-23,14:17:30,1980-10-23,06:17:30,2444535.762755
1980,21,立冬,225,1980-11-07,14:18:14,1980-11-07,06:18:14,2444550.763263
1980,22,小雪,240,1980-11-22,11:41:23,1980-11-22,03:41:23,2444565.654341
1980,23,大雪,255,1980-12-07,07:01:15,1980-12-06,23:01:15,2444580.4598
1980,24,冬至,270,1980-12-22,00:56:04,1980-12-21,16:56:04,2444595.206205
1981,1,小寒,285,1981-01-05,18:12:38,1981-01-05,10:12:38,2444609.926033
1981,2,大寒,300,1981-01-20,11:35:58,1981-01-20,03:35:58,2444624.650574
1981,3,立春,315,1981-02-04,05:55:23,1981-02-03,21:55:23,2444639.414063
1981,4,雨水,330,1981-02-19,01:51:38,1981-02-18,17:51:38,2444654.244789
1981,5,惊蛰,345,1981-03-06,00:05:07,1981-03-05,16:05:07,2444669.17082
1981,6,春分,0,1981-03-21,01:02:50,1981-03-20,17:02:50,2444684.210901
1981,7,清明,15,1981-04-05,05:05:02,1981-04-04,21:05:02,2444699.379093
1981,8,谷雨,30,1981-04-20,12:18:32,1981-04-20,04:18:32,2444714.680133
1981,9,立夏,45,1981-05-05,22:34:47,1981-05-05,14:34:47,2444730.108088
1981,10,小满,60,1981-05-21,11:39:25,1981-05-21,03:39:25,2444745.652967
1981,11,芒种,75,1981-06-06,02:52:38,1981-06-05,18:52:38,2444761.287155
1981,12,夏至,90,1981-06-21,19:44:40,1981-06-21,11:44:40,2444776.989953
1981,13,小暑,105,1981-07-07,13:11:51,1981-07-07,05:11:51,2444792.717169
1981,14,大暑,120,1981-07-23,06:39:41,1981-07-22,22:39:41,2444808.44484
1981,15,立秋,135,1981-08-07,22:57:09,1981-08-07,14:57:09,2444824.123625
1981,16,处暑,150,1981-08-23,13:38:08,1981-08-23,05:38:08,2444839.735428
1981,17,白露,165,1981-09-08,01:43:12,1981-09-07,17:43:12,2444855.238941
1981,18,秋分,180,1981-09-23,11:05:11,1981-09-23,03:05:11,2444870.629207
1981,19,寒露,195,1981-10-08,17:09:32,1981-10-08,09:09:32,2444885.882227
1981,20,霜降,210,1981-10-23,20:12:50,1981-10-23,12:12:50,2444901.009519
1981,21,立冬,225,1981-11-07,20:08:29,1981-11-07,12:08:29,2444916.006504
1981,22,小雪,240,1981-11-22,17:35:57,1981-11-22,09:35:57,2444930.900575
1981,23,大雪,255,1981-12-07,12:51:14,1981-12-07,04:51:14,2444945.702859
1981,24,冬至,270,1981-12-22,06:50:31,1981-12-21,22:50:31,2444960.452362
1982,1,小寒,285,1982-01-06,00:02:34,1982-01-05,16:02:34,2444975.169056
1982,2,大寒,300,1982-01-20,17:30:52,1982-01-20,09:30:52,2444989.897049
1982,3,立春,315,1982-02-04,11:45:28,1982-02-04,03:45:28,2445004.657185
1982,4,雨水,330,1982-02-19,07:46:30,1982-02-18,23:46:30,2445019.49124
1982,5,惊蛰,345,1982-03-06,05:54:35,1982-03-05,21:54:35,2445034.413513
1982,6,春分,0,1982-03-21,06:55:50,1982-03-20,22:55:50,2445049.456044
1982,7,清明,15,1982-04-05,10:52:40,1982-04-05,02:52:40,2445064.620523
1982,8,谷雨,30,1982-04-20,18:07:27,1982-04-20,10:07:27,2445079.922446
1982,9,立夏,45,1982-05-06,04:19:59,1982-05-05,20:19:59,2445095.347826
1982,10,小满,60,1982-05-21,17:22:53,1982-05-21,09:22:53,2445110.891505
1982,11,芒种,75,1982-06-06,08:35:53,1982-06-06,00:35:53,2445126.525533
1982,12,夏至,90,1982-06-22,01:22:59,1982-06-21,17:22:59,2445142.224904
1982,13,小暑,105,1982-07-07,18:54:33,1982-07-07,10:54:33,2445157.95517
1982,14,大暑,120,1982-07-23,12:15:22,1982-07-23,04:15:22,2445173.677961
1982,15,立秋,135,1982-08-08,04:41:44,1982-08-07,20:41:44,2445189.36293
1982,16,处暑,150,1982-08-23,19:15:12,1982-08-23,11:15:12,2445204.969511
1982,17,白露,165,1982-09-08,07:31:41,1982-09-07,23:31:41,2445220.480956
1982,18,秋分,180,1982-09-23,16:46:10,1982-09-23,08:46:10,2445235.866016
1982,19,寒露,195,1982-10-08,23:02:07,1982-10-08,15:02:07,2445251.127096
1982,20,霜降,210,1982-10-24,01:57:45,1982-10-23,17:57:45,2445266.249063
1982,21,立冬,225,1982-11-08,02:04:04,1982-11-07,18:04:04,2445281.253451
1982,22,小雪,240,1982-11-22,23:23:17,1982-11-22,15:23:17,2445296.14179
1982,23,大雪,255,1982-12-07,18:48:03,1982-12-07,10:48:03,2445310.950662
1982,24,冬至,270,1982-12-22,12:38:08,1982-12-22,04:38:08,2445325.693767
1983,1,小寒,285,1983-01-06,05:58:41,1983-01-05,21:58:41,2445340.416376
1983,2,大寒,300,1983-01-20,23:16:55,1983-01-20,15:16:55,2445355.137368
1983,3,立春,315,1983-02-04,17:39:41,1983-02-04,09:39:41,2445369.903182
1983,4,雨水,330,1983-02-19,13:30:34,1983-02-19,05:30:34,2445384.730177
1983,5,惊蛰,345,1983-03-06,11:47:12,1983-03-06,03:47:12,2445399.658395
1983,6,春分,0,1983-03-21,12:38:44,1983-03-21,04:38:44,2445414.694183
1983,7,清明,15,1983-04-05,16:44:21,1983-04-05,08:44:21,2445429.864755
1983,8,谷雨,30,1983-04-20,23:50:09,1983-04-20,15:50:09,2445445.160443
1983,9,立夏,45,1983-05-06,10:10:49,1983-05-06,02:10:49,2445460.591472
1983,10,小满,60,1983-05-21,23:06:25,1983-05-21,15:06:25,2445476.130078
1983,11,芒种,75,1983-06-06,14:25:41,1983-06-06,06:25:41,2445491.768455
1983,12,夏至,90,1983-06-22,07:08:40,1983-06-21,23:08:40,2445507.46497
1983,13,小暑,105,1983-07-08,00:43:12,1983-07-07,16:43:12,2445523.197298
1983,14,大暑,120,1983-07-23,18:04:05,1983-07-23,10:04:05,2445538.920136
1983,15,立秋,135,1983-08-08,10:29:36,1983-08-08,02:29:36,2445554.604519
1983,16,处暑,150,1983-08-24,01:07:27,1983-08-23,17:07:27,2445570.214145
1983,17,白露,165,1983-09-08,13:20:01,1983-09-08,05:20:01,2445585.722872
1983,18,秋分,180,1983-09-23,22:41:35,1983-09-23,14:41:35,2445601.112843
1983,19,寒露,195,1983-10-09,04:51:03,1983-10-08,20:51:03,2445616.369416
1983,20,霜降,210,1983-10-24,07:54:15,1983-10-23,23:54:15,2445631.49664
1983,21,立冬,225,1983-11-08,07:52:11,1983-11-07,23:52:11,2445646.495202
1983,22,小雪,240,1983-11-23,05:18:19,1983-11-22,21:18:19,2445661.388353
1983,23,大雪,255,1983-12-08,00:33:39,1983-12-07,16:33:39,2445676.190669
1983,24,冬至,270,1983-12-22,18:29:54,1983-12-22,10:29:54,2445690.938064
1984,1,小寒,285,1984-01-06,11:40:50,1984-01-06,03:40:50,2445705.653995
1984,2,大寒,300,1984-01-21,05:05:01,1984-01-20,21:05:01,2445720.379117
1984,3,立春,315,1984-02-04,23:18:44,1984-02-04,15:18:44,2445735.13864
1984,4,雨水,330,1984-02-19,19:16:12,1984-02-19,11:16:12,2445749.970214
1984,5,惊蛰,345,1984-03-05,17:24:38,1984-03-05,09:24:38,2445764.892745
1984,6,春分,0,1984-03-20,18:24:19,1984-03-20,10:24:19,2445779.934182
1984,7,清明,15,1984-04-04,22:22:19,1984-04-04,14:22:19,2445795.099464
1984,8,谷雨,30,1984-04-20,05:38:04,1984-04-19,21:38:04,2445810.40207
1984,9,立夏,45,1984-05-05,15:50:57,1984-05-05,07:50:57,2445825.827676
1984,10,小满,60,1984-05-21,04:57:34,1984-05-20,20:57:34,2445841.373947
1984,11,芒种,75,1984-06-05,20:08:36,1984-06-05,12:08:36,2445857.006604
1984,12,夏至,90,1984-06-21,13:02:13,1984-06-21,05:02:13,2445872.710504
1984,13,小暑,105,1984-07-07,06:29:06,1984-07-06,22:29:06,2445888.437507
1984,14,大暑,120,1984-07-22,23:58:12,1984-07-22,15:58:12,2445904.166051
1984,15,立秋,135,1984-08-07,16:17:52,1984-08-07,08:17:52,2445919.846378
1984,16,处暑,150,1984-08-23,07:00:11,1984-08-22,23:00:11,2445935.459093
1984,17,白露,165,1984-09-07,19:09:48,1984-09-07,11:09:48,2445950.965777
1984,18,秋分,180,1984-09-23,04:32:53,1984-09-22,20:32:53,2445966.356798
1984,19,寒露,195,1984-10-08,10:42:33,1984-10-08,02:42:33,2445981.613518
1984,20,霜降,210,1984-10-23,13:45:38,1984-10-23,05:45:38,2445996.74066
1984,21,立冬,225,1984-11-07,13:45:31,1984-11-07,05:45:31,2446011.740573
1984,22,小雪,240,1984-11-22,11:10:37,1984-11-22,03:10:37,2446026.633009
1984,23,大雪,255,1984-12-07,06:28:03,1984-12-06,22:28:03,2446041.436773
1984,24,冬至,270,1984-12-22,00:22:48,1984-12-21,16:22:48,2446056.183135
1985,1,小寒,285,1985-01-05,17:35:04,1985-01-05,09:35:04,2446070.899985
1985,2,大寒,300,1985-01-20,10:57:33,1985-01-20,02:57:33,2446085.62393
1985,3,立春,315,1985-02-04,05:11:47,1985-02-03,21:11:47,2446100.38382
1985,4,雨水,330,1985-02-19,01:07:22,1985-02-18,17:07:22,2446115.214083
1985,5,惊蛰,345,1985-03-05,23:16:21,1985-03-05,15:16:21,2446130.136992
1985,6,春分,0,1985-03-21,00:13:43,1985-03-20,16:13:43,2446145.176829
1985,7,清明,15,1985-04-05,04:13:34,1985-04-04,20:13:34,2446160.34339
1985,8,谷雨,30,1985-04-20,11:25:46,1985-04-20,03:25:46,2446175.643528
1985,9,立夏,45,1985-05-05,21:42:32,1985-05-05,13:42:32,2446191.071834
1985,10,小满,60,1985-05-21,10:42:55,1985-05-21,02:42:55,2446206.613764
1985,11,芒种,75,1985-06-06,01:59:55,1985-06-05,17:59:55,2446222.25058
1985,12,夏至,90,1985-06-21,18:44:07,1985-06-21,10:44:07,2446237.94794
1985,13,小暑,105,1985-07-07,12:18:35,1985-07-07,04:18:35,2446253.680211
1985,14,大暑,120,1985-07-23,05:36:25,1985-07-22,21:36:25,2446269.400938
1985,15,立秋,135,1985-08-07,22:04:15,1985-08-07,14:04:15,2446285.08693
1985,16,处暑,150,1985-08-23,12:35:40,1985-08-23,04:35:40,2446300.692075
1985,17,白露,165,1985-09-08,00:53:01,1985-09-07,16:53:01,2446316.204123
1985,18,秋分,180,1985-09-23,10:07:26,1985-09-23,02:07:26,2446331.589135
1985,19,寒露,195,1985-10-08,16:24:32,1985-10-08,08:24:32,2446346.85102
1985,20,霜降,210,1985-10-23,19:21:51,1985-10-23,11:21:51,2446361.974147
1985,21,立冬,225,1985-11-07,19:29:28,1985-11-07,11:29:28,2446376.979438
1985,22,小雪,240,1985-11-22,16:50:45,1985-11-22,08:50:45,2446391.869216
1985,23,大雪,255,1985-12-07,12:16:19,1985-12-07,04:16:19,2446406.678642
1985,24,冬至,270,1985-12-22,06:07:38,1985-12-21,22:07:38,2446421.422617
1986,1,小寒,285,1986-01-05,23:28:01,1986-01-05,15:28:01,2446436.145098
1986,2,大寒,300,1986-01-20,16:46:10,1986-01-20,08:46:10,2446450.866036
1986,3,立春,315,1986-02-04,11:07:41,1986-02-04,03:07:41,2446465.630974
1986,4,雨水,330,1986-02-19,06:57:30,1986-02-18,22:57:30,2446480.457237
1986,5,惊蛰,345,1986-03-06,05:12:07,1986-03-05,21:12:07,2446495.384059
1986,6,春分,0,1986-03-21,06:02:40,1986-03-20,22:02:40,2446510.419169
1986,7,清明,15,1986-04-05,10:06:06,1986-04-05,02:06:06,2446525.588212
1986,8,谷雨,30,1986-04-20,17:12:07,1986-04-20,09:12:07,2446540.884058
1986,9,立夏,45,1986-05-06,03:30:35,1986-05-05,19:30:35,2446556.313549
1986,10,小满,60,1986-05-21,16:27:53,1986-05-21,08:27:53,2446571.853347
1986,11,芒种,75,1986-06-06,07:44:22,1986-06-05,23:44:22,2446587.48979
1986,12,夏至,90,1986-06-22,00:29:57,1986-06-21,16:29:57,2446603.188108
1986,13,小暑,105,1986-07-07,18:00:45,1986-07-07,10:00:45,2446618.917829
1986,14,大暑,120,1986-07-23,11:24:22,1986-07-23,03:24:22,2446634.64257
1986,15,立秋,135,1986-08-08,03:45:36,1986-08-07,19:45:36,2446650.323977
1986,16,处暑,150,1986-08-23,18:25:47,1986-08-23,10:25:47,2446665.935214
1986,17,白露,165,1986-09-08,06:34:36,1986-09-07,22:34:36,2446681.441341
1986,18,秋分,180,1986-09-23,15:58:51,1986-09-23,07:58:51,2446696.833183
1986,19,寒露,195,1986-10-08,22:06:44,1986-10-08,14:06:44,2446712.088656
1986,20,霜降,210,1986-10-24,01:14:11,1986-10-23,17:14:11,2446727.218825
1986,21,立冬,225,1986-11-08,01:12:49,1986-11-07,17:12:49,2446742.217876
1986,22,小雪,240,1986-11-22,22:44:20,1986-11-22,14:44:20,2446757.114766
1986,23,大雪,255,1986-12-07,18:00:56,1986-12-07,10:00:56,2446771.917954
1986,24,冬至,270,1986-12-22,12:02:07,1986-12-22,04:02:07,2446786.66878
1987,1,小寒,285,1987-01-06,05:13:00,1987-01-05,21:13:00,2446801.384669
1987,2,大寒,300,1987-01-20,22:40:22,1987-01-20,14:40:22,2446816.112012
1987,3,立春,315,1987-02-04,16:51:39,1987-02-04,08:51:39,2446830.869845
1987,4,雨水,330,1987-02-19,12:49:55,1987-02-19,04:49:55,2446845.701978
1987,5,惊蛰,345,1987-03-06,10:53:36,1987-03-06,02:53:36,2446860.6212
1987,6,春分,0,1987-03-21,11:51:57,1987-03-21,03:51:57,2446875.661721
1987,7,清明,15,1987-04-05,15:44:07,1987-04-05,07:44:07,2446890.822943
1987,8,谷雨,30,1987-04-20,22:57:31,1987-04-20,14:57:31,2446906.123924
1987,9,立夏,45,1987-05-06,09:05:34,1987-05-06,01:05:34,2446921.546181
1987,10,小满,60,1987-05-21,22:10:01,1987-05-21,14:10:01,2446937.090928
1987,11,芒种,75,1987-06-06,13:18:58,1987-06-06,05:18:58,2446952.722147
1987,12,夏至,90,1987-06-22,06:10:44,1987-06-21,22:10:44,2446968.424768
1987,13,小暑,105,1987-07-07,23:38:40,1987-07-07,15:38:40,2446984.152491
1987,14,大暑,120,1987-07-23,17:06:02,1987-07-23,09:06:02,2446999.87984
1987,15,立秋,135,1987-08-08,09:29:14,1987-08-08,01:29:14,2447015.562609
1987,16,处暑,150,1987-08-24,00:09:50,1987-08-23,16:09:50,2447031.174141
1987,17,白露,165,1987-09-08,12:24:07,1987-09-08,04:24:07,2447046.684058
1987,18,秋分,180,1987-09-23,21:45:16,1987-09-23,13:45:16,2447062.073744
1987,19,寒露,195,1987-10-09,03:59:40,1987-10-08,19:59:40,2447077.333741
1987,20,霜降,210,1987-10-24,07:00:51,1987-10-23,23:00:51,2447092.45957
1987,21,立冬,225,1987-11-08,07:05:40,1987-11-07,23:05:40,2447107.462908
1987,22,小雪,240,1987-11-23,04:29:23,1987-11-22,20:29:23,2447122.35438
1987,23,大雪,255,1987-12-07,23:52:13,1987-12-07,15:52:13,2447137.161903
1987,24,冬至,270,1987-12-22,17:45:53,1987-12-22,09:45:53,2447151.907502
1988,1,小寒,285,1988-01-06,11:03:29,1988-01-06,03:03:29,2447166.628079
1988,2,大寒,300,1988-01-21,04:24:16,1988-01-20,20:24:16,2447181.350844
1988,3,立春,315,1988-02-04,22:42:48,1988-02-04,14:42:48,2447196.113717
1988,4,雨水,330,1988-02-19,18:35:06,1988-02-19,10:35:06,2447210.941703
1988,5,惊蛰,345,1988-03-05,16:46:32,1988-03-05,08:46:32,2447225.866299
1988,6,春分,0,1988-03-20,17:38:35,1988-03-20,09:38:35,2447240.902452
1988,7,清明,15,1988-04-04,21:39:03,1988-04-04,13:39:03,2447256.069442
1988,8,谷雨,30,1988-04-20,04:44:46,1988-04-19,20:44:46,2447271.365075
1988,9,立夏,45,1988-05-05,15:01:43,1988-05-05,07:01:43,2447286.79351
1988,10,小满,60,1988-05-21,03:56:40,1988-05-20,19:56:40,2447302.331669
1988,11,芒种,75,1988-06-05,19:14:52,1988-06-05,11:14:52,2447317.969314
1988,12,夏至,90,1988-06-21,11:56:31,1988-06-21,03:56:31,2447333.664901
1988,13,小暑,105,1988-07-07,05:32:54,1988-07-06,21:32:54,2447349.398498
1988,14,大暑,120,1988-07-22,22:51:05,1988-07-22,14:51:05,2447365.119463
1988,15,立秋,135,1988-08-07,15:20:15,1988-08-07,07:20:15,2447380.806384
1988,16,处暑,150,1988-08-23,05:54:02,1988-08-22,21:54:02,2447396.413175
1988,17,白露,165,1988-09-07,18:11:30,1988-09-07,10:11:30,2447411.925312
1988,18,秋分,180,1988-09-23,03:28:50,1988-09-22,19:28:50,2447427.312342
1988,19,寒露,195,1988-10-08,09:44:28,1988-10-08,01:44:28,2447442.573207
1988,20,霜降,210,1988-10-23,12:44:05,1988-10-23,04:44:05,2447457.697933
1988,21,立冬,225,1988-11-07,12:48:54,1988-11-07,04:48:54,2447472.701277
1988,22,小雪,240,1988-11-22,10:11:58,1988-11-22,02:11:58,2447487.592297
1988,23,大雪,255,1988-12-07,05:34:28,1988-12-06,21:34:28,2447502.399587
1988,24,冬至,270,1988-12-21,23:27:52,1988-12-21,15:27:52,2447517.145008
1989,1,小寒,285,1989-01-05,16:45:55,1989-01-05,08:45:55,2447531.865881
1989,2,大寒,300,1989-01-20,10:06:58,1989-01-20,02:06:58,2447546.588827
1989,3,立春,315,1989-02-04,04:27:09,1989-02-03,20:27:09,2447561.352847
1989,4,雨水,330,1989-02-19,00:20:29,1989-02-18,16:20:29,2447576.181552
1989,5,惊蛰,345,1989-03-05,22:34:08,1989-03-05,14:34:08,2447591.107695
1989,6,春分,0,1989-03-20,23:28:14,1989-03-20,15:28:14,2447606.145267
1989,7,清明,15,1989-04-05,03:29:54,1989-04-04,19:29:54,2447621.313087
1989,8,谷雨,30,1989-04-20,10:38:55,1989-04-20,02:38:55,2447636.611012
1989,9,立夏,45,1989-05-05,20:53:55,1989-05-05,12:53:55,2447652.038101
1989,10,小满,60,1989-05-21,09:53:31,1989-05-21,01:53:31,2447667.579491
1989,11,芒种,75,1989-06-06,01:05:13,1989-06-05,17:05:13,2447683.212617
1989,12,夏至,90,1989-06-21,17:53:00,1989-06-21,09:53:00,2447698.912466
1989,13,小暑,105,1989-07-07,11:19:26,1989-07-07,03:19:26,2447714.639148
1989,14,大暑,120,1989-07-23,04:45:28,1989-07-22,20:45:28,2447730.365569
1989,15,立秋,135,1989-08-07,21:03:53,1989-08-07,13:03:53,2447746.04502
1989,16,处暑,150,1989-08-23,11:46:12,1989-08-23,03:46:12,2447761.657742
1989,17,白露,165,1989-09-07,23:53:55,1989-09-07,15:53:55,2447777.163093
1989,18,秋分,180,1989-09-23,09:19:36,1989-09-23,01:19:36,2447792.55593
1989,19,寒露,195,1989-10-08,15:27:20,1989-10-08,07:27:20,2447807.811301
1989,20,霜降,210,1989-10-23,18:35:08,1989-10-23,10:35:08,2447822.941719
1989,21,立冬,225,1989-11-07,18:33:32,1989-11-07,10:33:32,2447837.940609
1989,22,小雪,240,1989-11-22,16:04:37,1989-11-22,08:04:37,2447852.837192
1989,23,大雪,255,1989-12-07,11:20:57,1989-12-07,03:20:57,2447867.640206
1989,24,冬至,270,1989-12-22,05:22:00,1989-12-21,21:22:00,2447882.390939
1990,1,小寒,285,1990-01-05,22:33:13,1990-01-05,14:33:13,2447897.107071
1990,2,大寒,300,1990-01-20,16:01:32,1990-01-20,08:01:32,2447911.835069
1990,3,立春,315,1990-02-04,10:13:59,1990-02-04,02:13:59,2447926.593717
1990,4,雨水,330,1990-02-19,06:14:01,1990-02-18,22:14:01,2447941.427065
1990,5,惊蛰,345,1990-03-06,04:19:16,1990-03-05,20:19:16,2447956.347383
1990,6,春分,0,1990-03-21,05:19:15,1990-03-20,21:19:15,2447971.389033
1990,7,清明,15,1990-04-05,09:12:54,1990-04-05,01:12:54,2447986.551294
1990,8,谷雨,30,1990-04-20,16:26:31,1990-04-20,08:26:31,2448001.85242
1990,9,立夏,45,1990-05-06,02:35:25,1990-05-05,18:35:25,2448017.275268
1990,10,小满,60,1990-05-21,15:37:23,1990-05-21,07:37:23,2448032.818299
1990,11,芒种,75,1990-06-06,06:46:18,1990-06-05,22:46:18,2448048.449481
1990,12,夏至,90,1990-06-21,23:32:47,1990-06-21,15:32:47,2448064.148431
1990,13,小暑,105,1990-07-07,17:00:28,1990-07-07,09:00:28,2448079.875993
1990,14,大暑,120,1990-07-23,10:21:30,1990-07-23,02:21:30,2448095.598935
1990,15,立秋,135,1990-08-08,02:45:31,1990-08-07,18:45:31,2448111.282276
1990,16,处暑,150,1990-08-23,17:20:49,1990-08-23,09:20:49,2448126.890124
1990,17,白露,165,1990-09-08,05:37:27,1990-09-07,21:37:27,2448142.401675
1990,18,秋分,180,1990-09-23,14:55:29,1990-09-23,06:55:29,2448157.789201
1990,19,寒露,195,1990-10-08,21:13:47,1990-10-08,13:13:47,2448173.051908
1990,20,霜降,210,1990-10-24,00:13:56,1990-10-23,16:13:56,2448188.177016
1990,21,立冬,225,1990-11-08,00:23:28,1990-11-07,16:23:28,2448203.183632
1990,22,小雪,240,1990-11-22,21:46:55,1990-11-22,13:46:55,2448218.074912
1990,23,大雪,255,1990-12-07,17:14:09,1990-12-07,09:14:09,2448232.885496
1990,24,冬至,270,1990-12-22,11:06:59,1990-12-22,03:06:59,2448247.630515
1991,1,小寒,285,1991-01-06,04:28:06,1991-01-05,20:28:06,2448262.353525
1991,2,大寒,300,1991-01-20,21:47:04,1991-01-20,13:47:04,2448277.075032
1991,3,立春,315,1991-02-04,16:08:23,1991-02-04,08:08:23,2448291.839835
1991,4,雨水,330,1991-02-19,11:58:18,1991-02-19,03:58:18,2448306.666167
1991,5,惊蛰,345,1991-03-06,10:12:14,1991-03-06,02:12:14,2448321.592505
1991,6,春分,0,1991-03-21,11:01:55,1991-03-21,03:01:55,2448336.627005
1991,7,清明,15,1991-04-05,15:04:41,1991-04-05,07:04:41,2448351.795597
1991,8,谷雨,30,1991-04-20,22:08:21,1991-04-20,14:08:21,2448367.089812
1991,9,立夏,45,1991-05-06,08:26:52,1991-05-06,00:26:52,2448382.519336
1991,10,小满,60,1991-05-21,21:20:14,1991-05-21,13:20:14,2448398.056395
1991,11,芒种,75,1991-06-06,12:38:17,1991-06-06,04:38:17,2448413.693931
1991,12,夏至,90,1991-06-22,05:18:46,1991-06-21,21:18:46,2448429.388708
1991,13,小暑,105,1991-07-07,22:53:00,1991-07-07,14:53:00,2448445.120816
1991,14,大暑,120,1991-07-23,16:11:07,1991-07-23,08:11:07,2448460.841729
1991,15,立秋,135,1991-08-08,08:37:15,1991-08-08,00:37:15,2448476.526546
1991,16,处暑,150,1991-08-23,23:12:49,1991-08-23,15:12:49,2448492.134582
1991,17,白露,165,1991-09-08,11:27:21,1991-09-08,03:27:21,2448507.644668
1991,18,秋分,180,1991-09-23,20:48:04,1991-09-23,12:48:04,2448523.034062
1991,19,寒露,195,1991-10-09,03:01:07,1991-10-08,19:01:07,2448538.293117
1991,20,霜降,210,1991-10-24,06:05:09,1991-10-23,22:05:09,2448553.420925
1991,21,立冬,225,1991-11-08,06:07:51,1991-11-07,22:07:51,2448568.422794
1991,22,小雪,240,1991-11-23,03:35:44,1991-11-22,19:35:44,2448583.317162
1991,23,大雪,255,1991-12-07,22:56:01,1991-12-07,14:56:01,2448598.122909
1991,24,冬至,270,1991-12-22,16:53:38,1991-12-22,08:53:38,2448612.871255
1992,1,小寒,285,1992-01-06,10:08:30,1992-01-06,02:08:30,2448627.589918
1992,2,大寒,300,1992-01-21,03:32:29,1992-01-20,19:32:29,2448642.314898
1992,3,立春,315,1992-02-04,21:48:16,1992-02-04,13:48:16,2448657.075861
1992,4,雨水,330,1992-02-19,17:43:29,1992-02-19,09:43:29,2448671.905871
1992,5,惊蛰,345,1992-03-05,15:52:07,1992-03-05,07:52:07,2448686.828533
1992,6,春分,0,1992-03-20,16:48:02,1992-03-20,08:48:02,2448701.867371
1992,7,清明,15,1992-04-04,20:45:07,1992-04-04,12:45:07,2448717.032014
1992,8,谷雨,30,1992-04-20,03:56:53,1992-04-19,19:56:53,2448732.331844
1992,9,立夏,45,1992-05-05,14:08:40,1992-05-05,06:08:40,2448747.756692
1992,10,小满,60,1992-05-21,03:12:08,1992-05-20,19:12:08,2448763.300769
1992,11,芒种,75,1992-06-05,18:22:20,1992-06-05,10:22:20,2448778.93285
1992,12,夏至,90,1992-06-21,11:14:09,1992-06-21,03:14:09,2448794.635501
1992,13,小暑,105,1992-07-07,04:40:14,1992-07-06,20:40:14,2448810.36197
1992,14,大暑,120,1992-07-22,22:08:49,1992-07-22,14:08:49,2448826.090147
1992,15,立秋,135,1992-08-07,14:27:22,1992-08-07,06:27:22,2448841.769695
1992,16,处暑,150,1992-08-23,05:10:06,1992-08-22,21:10:06,2448857.382702
1992,17,白露,165,1992-09-07,17:18:18,1992-09-07,09:18:18,2448872.888398
1992,18,秋分,180,1992-09-23,02:42:45,1992-09-22,18:42:45,2448888.280381
1992,19,寒露,195,1992-10-08,08:51:26,1992-10-08,00:51:26,2448903.536411
1992,20,霜降,210,1992-10-23,11:57:06,1992-10-23,03:57:06,2448918.665348
1992,21,立冬,225,1992-11-07,11:57:01,1992-11-07,03:57:01,2448933.665282
1992,22,小雪,240,1992-11-22,09:25:51,1992-11-22,01:25:51,2448948.560306
1992,23,大雪,255,1992-12-07,04:44:11,1992-12-06,20:44:11,2448963.364707
1992,24,冬至,270,1992-12-21,22:43:13,1992-12-21,14:43:13,2448978.114033
1993,1,小寒,285,1993-01-05,15:56:31,1993-01-05,07:56:31,2448992.831601
1993,2,大寒,300,1993-01-20,09:22:48,1993-01-20,01:22:48,2449007.558191
1993,3,立春,315,1993-02-04,03:37:08,1993-02-03,19:37:08,2449022.31815
1993,4,雨水,330,1993-02-18,23:35:09,1993-02-18,15:35:09,2449037.150098
1993,5,惊蛰,345,1993-03-05,21:42:31,1993-03-05,13:42:31,2449052.071883
1993,6,春分,0,1993-03-20,22:40:37,1993-03-20,14:40:37,2449067.112233
1993,7,清明,15,1993-04-05,02:37:09,1993-04-04,18:37:09,2449082.276492
1993,8,谷雨,30,1993-04-20,09:48:59,1993-04-20,01:48:59,2449097.576379
1993,9,立夏,45,1993-05-05,20:01:42,1993-05-05,12:01:42,2449113.001869
1993,10,小满,60,1993-05-21,09:01:43,1993-05-21,01:01:43,2449128.543546
1993,11,芒种,75,1993-06-06,00:15:13,1993-06-05,16:15:13,2449144.177924
1993,12,夏至,90,1993-06-21,16:59:44,1993-06-21,08:59:44,2449159.875501
1993,13,小暑,105,1993-07-07,10:32:01,1993-07-07,02:32:01,2449175.606271
1993,14,大暑,120,1993-07-23,03:50:49,1993-07-22,19:50:49,2449191.327656
1993,15,立秋,135,1993-08-07,20:17:57,1993-08-07,12:17:57,2449207.013169
1993,16,处暑,150,1993-08-23,10:50:16,1993-08-23,02:50:16,2449222.618945
1993,17,白露,165,1993-09-07,23:07:46,1993-09-07,15:07:46,2449238.131101
1993,18,秋分,180,1993-09-23,08:22:27,1993-09-23,00:22:27,2449253.516295
1993,19,寒露,195,1993-10-08,14:40:01,1993-10-08,06:40:01,2449268.778492
1993,20,霜降,210,1993-10-23,17:37:07,1993-10-23,09:37:07,2449283.901475
1993,21,立冬,225,1993-11-07,17:45:32,1993-11-07,09:45:32,2449298.907325
1993,22,小雪,240,1993-11-22,15:06:49,1993-11-22,07:06:49,2449313.797107
1993,23,大雪,255,1993-12-07,10:33:48,1993-12-07,02:33:48,2449328.607509
1993,24,冬至,270,1993-12-22,04:25:47,1993-12-21,20:25:47,2449343.351942
1994,1,小寒,285,1994-01-05,21:48:06,1994-01-05,13:48:06,2449358.075769
1994,2,大寒,300,1994-01-20,15:07:23,1994-01-20,07:07:23,2449372.797499
1994,3,立春,315,1994-02-04,09:30:55,1994-02-04,01:30:55,2449387.563834
1994,4,雨水,330,1994-02-19,05:21:38,1994-02-18,21:21:38,2449402.39072
1994,5,惊蛰,345,1994-03-06,03:37:40,1994-03-05,19:37:40,2449417.318521
1994,6,春分,0,1994-03-21,04:28:00,1994-03-20,20:28:00,2449432.353475
1994,7,清明,15,1994-04-05,08:31:46,1994-04-05,00:31:46,2449447.522765
1994,8,谷雨,30,1994-04-20,15:35:59,1994-04-20,07:35:59,2449462.817361
1994,9,立夏,45,1994-05-06,01:54:04,1994-05-05,17:54:04,2449478.246585
1994,10,小满,60,1994-05-21,14:48:27,1994-05-21,06:48:27,2449493.784353
1994,11,芒种,75,1994-06-06,06:04:51,1994-06-05,22:04:51,2449509.420742
1994,12,夏至,90,1994-06-21,22:47:32,1994-06-21,14:47:32,2449525.117041
1994,13,小暑,105,1994-07-07,16:19:20,1994-07-07,08:19:20,2449540.847474
1994,14,大暑,120,1994-07-23,09:40:58,1994-07-23,01:40:58,2449556.570834
1994,15,立秋,135,1994-08-08,02:04:20,1994-08-07,18:04:20,2449572.25372
1994,16,处暑,150,1994-08-23,16:43:44,1994-08-23,08:43:44,2449587.864412
1994,17,白露,165,1994-09-08,04:55:05,1994-09-07,20:55:05,2449603.372302
1994,18,秋分,180,1994-09-23,14:19:11,1994-09-23,06:19:11,2449618.76404
1994,19,寒露,195,1994-10-08,20:29:02,1994-10-08,12:29:02,2449634.02088
1994,20,霜降,210,1994-10-23,23:36:00,1994-10-23,15:36:00,2449649.150712
1994,21,立冬,225,1994-11-07,23:35:35,1994-11-07,15:35:35,2449664.150426
1994,22,小雪,240,1994-11-22,21:05:57,1994-11-22,13:05:57,2449679.046517
1994,23,大雪,255,1994-12-07,16:22:53,1994-12-07,08:22:53,2449693.849935
1994,24,冬至,270,1994-12-22,10:22:42,1994-12-22,02:22:42,2449708.599808
1995,1,小寒,285,1995-01-06,03:34:04,1995-01-05,19:34:04,2449723.316036
1995,2,大寒,300,1995-01-20,21:00:25,1995-01-20,13:00:25,2449738.042672
1995,3,立春,315,1995-02-04,15:12:50,1995-02-04,07:12:50,2449752.80129
1995,4,雨水,330,1995-02-19,11:10:42,1995-02-19,03:10:42,2449767.63314
1995,5,惊蛰,345,1995-03-06,09:16:03,1995-03-06,01:16:03,2449782.553524
1995,6,春分,0,1995-03-21,10:14:24,1995-03-21,02:14:24,2449797.594051
1995,7,清明,15,1995-04-05,14:08:05,1995-04-05,06:08:05,2449812.756331
1995,8,谷雨,30,1995-04-20,21:21:27,1995-04-20,13:21:27,2449828.057281
1995,9,立夏,45,1995-05-06,07:30:03,1995-05-05,23:30:03,2449843.479911
1995,10,小满,60,1995-05-21,20:34:11,1995-05-21,12:34:11,2449859.024457
1995,11,芒种,75,1995-06-06,11:42:28,1995-06-06,03:42:28,2449874.655205
1995,12,夏至,90,1995-06-22,04:34:22,1995-06-21,20:34:22,2449890.357911
1995,13,小暑,105,1995-07-07,22:00:59,1995-07-07,14:00:59,2449906.084728
1995,14,大暑,120,1995-07-23,15:29:39,1995-07-23,07:29:39,2449921.812971
1995,15,立秋,135,1995-08-08,07:51:43,1995-08-07,23:51:43,2449937.494967
1995,16,处暑,150,1995-08-23,22:34:49,1995-08-23,14:34:49,2449953.108224
1995,17,白露,165,1995-09-08,10:48:34,1995-09-08,02:48:34,2449968.617771
1995,18,秋分,180,1995-09-23,20:12:59,1995-09-23,12:12:59,2449984.009726
1995,19,寒露,195,1995-10-09,02:27:12,1995-10-08,18:27:12,2449999.269602
1995,20,霜降,210,1995-10-24,05:31:30,1995-10-23,21:31:30,2450014.39759
1995,21,立冬,225,1995-11-08,05:35:36,1995-11-07,21:35:36,2450029.400433
1995,22,小雪,240,1995-11-23,03:01:23,1995-11-22,19:01:23,2450044.293338
1995,23,大雪,255,1995-12-07,22:22:15,1995-12-07,14:22:15,2450059.099503
1995,24,冬至,270,1995-12-22,16:16:47,1995-12-22,08:16:47,2450073.845706
1996,1,小寒,285,1996-01-06,09:31:25,1996-01-06,01:31:25,2450088.564212
1996,2,大寒,300,1996-01-21,02:52:28,1996-01-20,18:52:28,2450103.287166
1996,3,立春,315,1996-02-04,21:07:51,1996-02-04,13:07:51,2450118.047845
1996,4,雨水,330,1996-02-19,17:00:42,1996-02-19,09:00:42,2450132.876207
1996,5,惊蛰,345,1996-03-05,15:09:36,1996-03-05,07:09:36,2450147.79906
1996,6,春分,0,1996-03-20,16:03:03,1996-03-20,08:03:03,2450162.83618
1996,7,清明,15,1996-04-04,20:01:59,1996-04-04,12:01:59,2450178.002099
1996,8,谷雨,30,1996-04-20,03:09:52,1996-04-19,19:09:52,2450193.299244
1996,9,立夏,45,1996-05-05,13:25:59,1996-05-05,05:25:59,2450208.727104
1996,10,小满,60,1996-05-21,02:23:05,1996-05-20,18:23:05,2450224.266755
1996,11,芒种,75,1996-06-05,17:40:46,1996-06-05,09:40:46,2450239.904037
1996,12,夏至,90,1996-06-21,10:23:43,1996-06-21,02:23:43,2450255.600528
1996,13,小暑,105,1996-07-07,03:59:59,1996-07-06,19:59:59,2450271.334042
1996,14,大暑,120,1996-07-22,21:18:41,1996-07-22,13:18:41,2450287.055363
1996,15,立秋,135,1996-08-07,13:48:47,1996-08-07,05:48:47,2450302.742933
1996,16,处暑,150,1996-08-23,04:22:48,1996-08-22,20:22:48,2450318.349891
1996,17,白露,165,1996-09-07,16:42:23,1996-09-07,08:42:23,2450333.863493
1996,18,秋分,180,1996-09-23,02:00:05,1996-09-22,18:00:05,2450349.250786
1996,19,寒露,195,1996-10-08,08:18:41,1996-10-08,00:18:41,2450364.513695
1996,20,霜降,210,1996-10-23,11:18:41,1996-10-23,03:18:41,2450379.638703
1996,21,立冬,225,1996-11-07,11:26:33,1996-11-07,03:26:33,2450394.644158
1996,22,小雪,240,1996-11-22,08:49:24,1996-11-22,00:49:24,2450409.535036
1996,23,大雪,255,1996-12-07,04:14:00,1996-12-06,20:14:00,2450424.343782
1996,24,冬至,270,1996-12-21,22:05:52,1996-12-21,14:05:52,2450439.088138
1997,1,小寒,285,1997-01-05,15:24:27,1997-01-05,07:24:27,2450453.809376
1997,2,大寒,300,1997-01-20,08:42:30,1997-01-20,00:42:30,2450468.530237
1997,3,立春,315,1997-02-04,03:01:57,1997-02-03,19:01:57,2450483.293741
1997,4,雨水,330,1997-02-18,22:51:28,1997-02-18,14:51:28,2450498.119796
1997,5,惊蛰,345,1997-03-05,21:04:07,1997-03-05,13:04:07,2450513.045256
1997,6,春分,0,1997-03-20,21:54:39,1997-03-20,13:54:39,2450528.080343
1997,7,清明,15,1997-04-05,01:56:16,1997-04-04,17:56:16,2450543.248132
1997,8,谷雨,30,1997-04-20,09:02:48,1997-04-20,01:02:48,2450558.544338
1997,9,立夏,45,1997-05-05,19:19:27,1997-05-05,11:19:27,2450573.97256
1997,10,小满,60,1997-05-21,08:17:52,1997-05-21,00:17:52,2450589.513133
1997,11,芒种,75,1997-06-05,23:32:31,1997-06-05,15:32:31,2450605.148311
1997,12,夏至,90,1997-06-21,16:19:55,1997-06-21,08:19:55,2450620.847895
1997,13,小暑,105,1997-07-07,09:49:22,1997-07-07,01:49:22,2450636.576687
1997,14,大暑,120,1997-07-23,03:15:25,1997-07-22,19:15:25,2450652.303108
1997,15,立秋,135,1997-08-07,19:36:17,1997-08-07,11:36:17,2450667.984268
1997,16,处暑,150,1997-08-23,10:19:10,1997-08-23,02:19:10,2450683.597376
1997,17,白露,165,1997-09-07,22:28:48,1997-09-07,14:28:48,2450699.104067
1997,18,秋分,180,1997-09-23,07:55:45,1997-09-22,23:55:45,2450714.497788
1997,19,寒露,195,1997-10-08,14:05:09,1997-10-08,06:05:09,2450729.754313
1997,20,霜降,210,1997-10-23,17:14:44,1997-10-23,09:14:44,2450744.885973
1997,21,立冬,225,1997-11-07,17:14:38,1997-11-07,09:14:38,2450759.885894
1997,22,小雪,240,1997-11-22,14:47:32,1997-11-22,06:47:32,2450774.783751
1997,23,大雪,255,1997-12-07,10:04:51,1997-12-07,02:04:51,2450789.587444
1997,24,冬至,270,1997-12-22,04:07:01,1997-12-21,20:07:01,2450804.338944
1998,1,小寒,285,1998-01-05,21:18:07,1998-01-05,13:18:07,2450819.054988
1998,2,大寒,300,1998-01-20,14:46:03,1998-01-20,06:46:03,2450833.782714
1998,3,立春,315,1998-02-04,08:56:50,1998-02-04,00:56:50,2450848.54021
1998,4,雨水,330,1998-02-19,04:54:52,1998-02-18,20:54:52,2450863.372167
1998,5,惊蛰,345,1998-03-06,02:57:13,1998-03-05,18:57:13,2450878.290473
1998,6,春分,0,1998-03-21,03:54:31,1998-03-20,19:54:31,2450893.330262
1998,7,清明,15,1998-04-05,07:44:56,1998-04-04,23:44:56,2450908.490273
1998,8,谷雨,30,1998-04-20,14:56:43,1998-04-20,06:56:43,2450923.790125
1998,9,立夏,45,1998-05-06,01:03:09,1998-05-05,17:03:09,2450939.211263
1998,10,小满,60,1998-05-21,14:05:25,1998-05-21,06:05:25,2450954.754503
1998,11,芒种,75,1998-06-06,05:13:22,1998-06-05,21:13:22,2450970.385018
1998,12,夏至,90,1998-06-21,22:02:34,1998-06-21,14:02:34,2450986.085851
1998,13,小暑,105,1998-07-07,15:30:24,1998-07-07,07:30:24,2451001.813519
1998,14,大暑,120,1998-07-23,08:55:22,1998-07-23,00:55:22,2451017.539184
1998,15,立秋,135,1998-08-08,01:19:49,1998-08-07,17:19:49,2451033.222829
1998,16,处暑,150,1998-08-23,15:58:56,1998-08-23,07:58:56,2451048.833331
1998,17,白露,165,1998-09-08,04:15:54,1998-09-07,20:15:54,2451064.345109
1998,18,秋分,180,1998-09-23,13:37:11,1998-09-23,05:37:11,2451079.734892
1998,19,寒露,195,1998-10-08,19:55:44,1998-10-08,11:55:44,2451094.997771
1998,20,霜降,210,1998-10-23,22:58:35,1998-10-23,14:58:35,2451110.124752
1998,21,立冬,225,1998-11-07,23:08:22,1998-11-07,15:08:22,2451125.131552
1998,22,小雪,240,1998-11-22,20:34:13,1998-11-22,12:34:13,2451140.024494
1998,23,大雪,255,1998-12-07,16:01:35,1998-12-07,08:01:35,2451154.835169
1998,24,冬至,270,1998-12-22,09:56:27,1998-12-22,01:56:27,2451169.581607
1999,1,小寒,285,1999-01-06,03:17:07,1999-01-05,19:17:07,2451184.304307
1999,2,大寒,300,1999-01-20,20:37:19,1999-01-20,12:37:19,2451199.026665
1999,3,立春,315,1999-02-04,14:57:02,1999-02-04,06:57:02,2451213.79035
1999,4,雨水,330,1999-02-19,10:46:48,1999-02-19,02:46:48,2451228.616586
1999,5,惊蛰,345,1999-03-06,08:57:41,1999-03-06,00:57:41,2451243.540802
1999,6,春分,0,1999-03-21,09:45:48,1999-03-21,01:45:48,2451258.57422
1999,7,清明,15,1999-04-05,13:44:36,1999-04-05,05:44:36,2451273.740052
1999,8,谷雨,30,1999-04-20,20:45:58,1999-04-20,12:45:58,2451289.032671
1999,9,立夏,45,1999-05-06,07:00:59,1999-05-05,23:00:59,2451304.459761
1999,10,小满,60,1999-05-21,19:52:24,1999-05-21,11:52:24,2451319.99547
1999,11,芒种,75,1999-06-06,11:09:06,1999-06-06,03:09:06,2451335.632071
1999,12,夏至,90,1999-06-22,03:49:06,1999-06-21,19:49:06,2451351.326508
1999,13,小暑,105,1999-07-07,21:24:58,1999-07-07,13:24:58,2451367.059749
1999,14,大暑,120,1999-07-23,14:44:06,1999-07-23,06:44:06,2451382.781369
1999,15,立秋,135,1999-08-08,07:14:06,1999-08-07,23:14:06,2451398.468871
1999,16,处暑,150,1999-08-23,21:51:03,1999-08-23,13:51:03,2451414.077867
1999,17,白露,165,1999-09-08,10:09:58,1999-09-08,02:09:58,2451429.591009
1999,18,秋分,180,1999-09-23,19:31:29,1999-09-23,11:31:29,2451444.980948
1999,19,寒露,195,1999-10-09,01:48:21,1999-10-08,17:48:21,2451460.24266
1999,20,霜降,210,1999-10-24,04:52:12,1999-10-23,20:52:12,2451475.370337
1999,21,立冬,225,1999-11-08,04:57:51,1999-11-07,20:57:51,2451490.374261
1999,22,小雪,240,1999-11-23,02:24:49,1999-11-22,18:24:49,2451505.267987
1999,23,大雪,255,1999-12-07,21:47:27,1999-12-07,13:47:27,2451520.075368
1999,24,冬至,270,1999-12-22,15:43:47,1999-12-22,07:43:47,2451534.822825
2000,1,小寒,285,2000-01-06,09:00:40,2000-01-06,01:00:40,2451549.542882
2000,2,大寒,300,2000-01-21,02:23:01,2000-01-20,18:23:01,2451564.266735
2000,3,立春,315,2000-02-04,20:40:22,2000-02-04,12:40:22,2451579.028783
2000,4,雨水,330,2000-02-19,16:33:17,2000-02-19,08:33:17,2451593.857192
2000,5,惊蛰,345,2000-03-05,14:42:38,2000-03-05,06:42:38,2451608.780357
2000,6,春分,0,2000-03-20,15:35:14,2000-03-20,07:35:14,2451623.816881
2000,7,清明,15,2000-04-04,19:31:57,2000-04-04,11:31:57,2451638.981269
2000,8,谷雨,30,2000-04-20,02:39:30,2000-04-19,18:39:30,2451654.278175
2000,9,立夏,45,2000-05-05,12:50:09,2000-05-05,04:50:09,2451669.702239
2000,10,小满,60,2000-05-21,01:49:24,2000-05-20,17:49:24,2451685.24339
2000,11,芒种,75,2000-06-05,16:58:33,2000-06-05,08:58:33,2451700.874742
2000,12,夏至,90,2000-06-21,09:47:42,2000-06-21,01:47:42,2451716.575535
2000,13,小暑,105,2000-07-07,03:13:56,2000-07-06,19:13:56,2451732.302088
2000,14,大暑,120,2000-07-22,20:42:40,2000-07-22,12:42:40,2451748.030383
2000,15,立秋,135,2000-08-07,13:02:59,2000-08-07,05:02:59,2451763.711152
2000,16,处暑,150,2000-08-23,03:48:31,2000-08-22,19:48:31,2451779.326103
2000,17,白露,165,2000-09-07,15:59:09,2000-09-07,07:59:09,2451794.833491
2000,18,秋分,180,2000-09-23,01:27:35,2000-09-22,17:27:35,2451810.228235
2000,19,寒露,195,2000-10-08,07:38:11,2000-10-07,23:38:11,2451825.485602
2000,20,霜降,210,2000-10-23,10:47:28,2000-10-23,02:47:28,2451840.617046
2000,21,立冬,225,2000-11-07,10:48:03,2000-11-07,02:48:03,2451855.617447
2000,22,小雪,240,2000-11-22,08:19:20,2000-11-22,00:19:20,2451870.514176
2000,23,大雪,255,2000-12-07,03:37:01,2000-12-06,19:37:01,2451885.318122
2000,24,冬至,270,2000-12-21,21:37:25,2000-12-21,13:37:25,2451900.068399
2001,1,小寒,285,2001-01-05,14:49:15,2001-01-05,06:49:15,2451914.784947
2001,2,大寒,300,2001-01-20,08:16:17,2001-01-20,00:16:17,2451929.512053
2001,3,立春,315,2001-02-04,02:28:49,2001-02-03,18:28:49,2451944.270762
2001,4,雨水,330,2001-02-18,22:27:15,2001-02-18,14:27:15,2451959.103003
2001,5,惊蛰,345,2001-03-05,20:32:29,2001-03-05,12:32:29,2451974.023307
2001,6,春分,0,2001-03-20,21:30:42,2001-03-20,13:30:42,2451989.063733
2001,7,清明,15,2001-04-05,01:24:22,2001-04-04,17:24:22,2452004.226001
2001,8,谷雨,30,2001-04-20,08:35:52,2001-04-20,00:35:52,2452019.525654
2001,9,立夏,45,2001-05-05,18:44:49,2001-05-05,10:44:49,2452034.948541
2001,10,小满,60,2001-05-21,07:44:11,2001-05-20,23:44:11,2452050.489769
2001,11,芒种,75,2001-06-05,22:53:35,2001-06-05,14:53:35,2452066.121295
2001,12,夏至,90,2001-06-21,15:37:43,2001-06-21,07:37:43,2452081.818604
2001,13,小暑,105,2001-07-07,09:06:41,2001-07-07,01:06:41,2452097.547061
2001,14,大暑,120,2001-07-23,02:26:14,2001-07-22,18:26:14,2452113.268962
2001,15,立秋,135,2001-08-07,18:52:20,2001-08-07,10:52:20,2452128.95376
2001,16,处暑,150,2001-08-23,09:27:08,2001-08-23,01:27:08,2452144.561263
2001,17,白露,165,2001-09-07,21:46:10,2001-09-07,13:46:10,2452160.074481
2001,18,秋分,180,2001-09-23,07:04:28,2001-09-22,23:04:28,2452175.462183
2001,19,寒露,195,2001-10-08,13:25:01,2001-10-08,05:25:01,2452190.726458
2001,20,霜降,210,2001-10-23,16:25:35,2001-10-23,08:25:35,2452205.851849
2001,21,立冬,225,2001-11-07,16:36:52,2001-11-07,08:36:52,2452220.859685
2001,22,小雪,240,2001-11-22,14:00:27,2001-11-22,06:00:27,2452235.751059
2001,23,大雪,255,2001-12-07,09:28:52,2001-12-07,01:28:52,2452250.562461
2001,24,冬至,270,2001-12-22,03:21:29,2001-12-21,19:21:29,2452265.307333
2002,1,小寒,285,2002-01-05,20:43:30,2002-01-05,12:43:30,2452280.030954
2002,2,大寒,300,2002-01-20,14:02:01,2002-01-20,06:02:01,2452294.752151
2002,3,立春,315,2002-02-04,08:24:05,2002-02-04,00:24:05,2452309.517471
2002,4,雨水,330,2002-02-19,04:13:18,2002-02-18,20:13:18,2452324.343323
2002,5,惊蛰,345,2002-03-06,02:27:32,2002-03-05,18:27:32,2452339.269868
2002,6,春分,0,2002-03-21,03:16:08,2002-03-20,19:16:08,2452354.303617
2002,7,清明,15,2002-04-05,07:18:16,2002-04-04,23:18:16,2452369.471762
2002,8,谷雨,30,2002-04-20,14:20:28,2002-04-20,06:20:28,2452384.76496
2002,9,立夏,45,2002-05-06,00:37:16,2002-05-05,16:37:16,2452400.193298
2002,10,小满,60,2002-05-21,13:29:05,2002-05-21,05:29:05,2452415.729281
2002,11,芒种,75,2002-06-06,04:44:46,2002-06-05,20:44:46,2452431.365168
2002,12,夏至,90,2002-06-21,21:24:24,2002-06-21,13:24:24,2452447.059357
2002,13,小暑,105,2002-07-07,14:56:11,2002-07-07,06:56:11,2452462.789767
2002,14,大暑,120,2002-07-23,08:14:51,2002-07-23,00:14:51,2452478.511062
2002,15,立秋,135,2002-08-08,00:39:18,2002-08-07,16:39:18,2452494.194713
2002,16,处暑,150,2002-08-23,15:16:58,2002-08-23,07:16:58,2452509.804201
2002,17,白露,165,2002-09-08,03:31:02,2002-09-07,19:31:02,2452525.313966
2002,18,秋分,180,2002-09-23,12:55:23,2002-09-23,04:55:23,2452540.705877
2002,19,寒露,195,2002-10-08,19:09:18,2002-10-08,11:09:18,2452555.96554
2002,20,霜降,210,2002-10-23,22:17:49,2002-10-23,14:17:49,2452571.096456
2002,21,立冬,225,2002-11-07,22:21:48,2002-11-07,14:21:48,2452586.099225
2002,22,小雪,240,2002-11-22,19:53:44,2002-11-22,11:53:44,2452600.996393
2002,23,大雪,255,2002-12-07,15:14:13,2002-12-07,07:14:13,2452615.802288
2002,24,冬至,270,2002-12-22,09:14:22,2002-12-22,01:14:22,2452630.552388
2003,1,小寒,285,2003-01-06,02:27:43,2003-01-05,18:27:43,2452645.269995
2003,2,大寒,300,2003-01-20,19:52:34,2003-01-20,11:52:34,2452659.995587
2003,3,立春,315,2003-02-04,14:05:19,2003-02-04,06:05:19,2452674.754446
2003,4,雨水,330,2003-02-19,10:00:12,2003-02-19,02:00:12,2452689.584224
2003,5,惊蛰,345,2003-03-06,08:04:53,2003-03-06,00:04:53,2452704.504134
2003,6,春分,0,2003-03-21,08:59:45,2003-03-21,00:59:45,2452719.542244
2003,7,清明,15,2003-04-05,12:52:29,2003-04-05,04:52:29,2452734.703861
2003,8,谷雨,30,2003-04-20,20:02:46,2003-04-20,12:02:46,2452750.002668
2003,9,立夏,45,2003-05-06,06:10:29,2003-05-05,22:10:29,2452765.424694
2003,10,小满,60,2003-05-21,19:12:23,2003-05-21,11:12:23,2452780.967685
2003,11,芒种,75,2003-06-06,10:19:43,2003-06-06,02:19:43,2452796.597773
2003,12,夏至,90,2003-06-22,03:10:27,2003-06-21,19:10:27,2452812.299672
2003,13,小暑,105,2003-07-07,20:35:39,2003-07-07,12:35:39,2452828.025505
2003,14,大暑,120,2003-07-23,14:04:08,2003-07-23,06:04:08,2452843.753622
2003,15,立秋,135,2003-08-08,06:24:18,2003-08-07,22:24:18,2452859.434289
2003,16,处暑,150,2003-08-23,21:08:10,2003-08-23,13:08:10,2452875.048085
2003,17,白露,165,2003-09-08,09:20:14,2003-09-08,01:20:14,2452890.556465
2003,18,秋分,180,2003-09-23,18:46:49,2003-09-23,10:46:49,2452905.949924
2003,19,寒露,195,2003-10-09,01:00:32,2003-10-08,17:00:32,2452921.209456
2003,20,霜降,210,2003-10-24,04:08:26,2003-10-23,20:08:26,2452936.33994
2003,21,立冬,225,2003-11-08,04:13:11,2003-11-07,20:13:11,2452951.343237
2003,22,小雪,240,2003-11-23,01:43:21,2003-11-22,17:43:21,2452966.239192
2003,23,大雪,255,2003-12-07,21:05:09,2003-12-07,13:05:09,2452981.045992
2003,24,冬至,270,2003-12-22,15:03:48,2003-12-22,07:03:48,2452995.795057
2004,1,小寒,285,2004-01-06,08:18:32,2004-01-06,00:18:32,2453010.513618
2004,2,大寒,300,2004-01-21,01:42:22,2004-01-20,17:42:22,2453025.238509
2004,3,立春,315,2004-02-04,19:56:12,2004-02-04,11:56:12,2453039.998108
2004,4,雨水,330,2004-02-19,15:49:59,2004-02-19,07:49:59,2453054.82713
2004,5,惊蛰,345,2004-03-05,13:55:37,2004-03-05,05:55:37,2453069.747707
2004,6,春分,0,2004-03-20,14:48:38,2004-03-20,06:48:38,2453084.784517
2004,7,清明,15,2004-04-04,18:43:18,2004-04-04,10:43:18,2453099.947485
2004,8,谷雨,30,2004-04-20,01:50:24,2004-04-19,17:50:24,2453115.244083
2004,9,立夏,45,2004-05-05,12:02:27,2004-05-05,04:02:27,2453130.669114
2004,10,小满,60,2004-05-21,00:59:12,2004-05-20,16:59:12,2453146.208522
2004,11,芒种,75,2004-06-05,16:13:45,2004-06-05,08:13:45,2453161.843625
2004,12,夏至,90,2004-06-21,08:56:52,2004-06-21,00:56:52,2453177.540237
2004,13,小暑,105,2004-07-07,02:31:16,2004-07-06,18:31:16,2453193.272458
2004,14,大暑,120,2004-07-22,19:50:09,2004-07-22,11:50:09,2453208.993912
2004,15,立秋,135,2004-08-07,12:19:36,2004-08-07,04:19:36,2453224.681021
2004,16,处暑,150,2004-08-23,02:53:15,2004-08-22,18:53:15,2453240.287729
2004,17,白露,165,2004-09-07,15:12:54,2004-09-07,07:12:54,2453255.801373
2004,18,秋分,180,2004-09-23,00:29:50,2004-09-22,16:29:50,2453271.188128
2004,19,寒露,195,2004-10-08,06:49:17,2004-10-07,22:49:17,2453286.451642
2004,20,霜降,210,2004-10-23,09:48:49,2004-10-23,01:48:49,2453301.576312
2004,21,立冬,225,2004-11-07,09:58:33,2004-11-07,01:58:33,2453316.583077
2004,22,小雪,240,2004-11-22,07:21:41,2004-11-21,23:21:41,2453331.474137
2004,23,大雪,255,2004-12-07,02:48:57,2004-12-06,18:48:57,2453346.284742
2004,24,冬至,270,2004-12-21,20:41:36,2004-12-21,12:41:36,2453361.029635
2005,1,小寒,285,2005-01-05,14:02:59,2005-01-05,06:02:59,2453375.752824
2005,2,大寒,300,2005-01-20,07:21:33,2005-01-19,23:21:33,2453390.474048
2005,3,立春,315,2005-02-04,01:43:02,2005-02-03,17:43:02,2453405.238968
2005,4,雨水,330,2005-02-18,21:31:55,2005-02-18,13:31:55,2453420.064581
2005,5,惊蛰,345,2005-03-05,19:45:10,2005-03-05,11:45:10,2453434.990451
2005,6,春分,0,2005-03-20,20:33:25,2005-03-20,12:33:25,2453450.02395
2005,7,清明,15,2005-04-05,00:34:16,2005-04-04,16:34:16,2453465.191212
2005,8,谷雨,30,2005-04-20,07:37:14,2005-04-19,23:37:14,2453480.484936
2005,9,立夏,45,2005-05-05,17:52:50,2005-05-05,09:52:50,2453495.912436
2005,10,小满,60,2005-05-21,06:47:24,2005-05-20,22:47:24,2453511.450327
2005,11,芒种,75,2005-06-05,22:01:52,2005-06-05,14:01:52,2453527.085379
2005,12,夏至,90,2005-06-21,14:46:07,2005-06-21,06:46:07,2453542.782774
2005,13,小暑,105,2005-07-07,08:16:34,2005-07-07,00:16:34,2453558.512253
2005,14,大暑,120,2005-07-23,01:40:41,2005-07-22,17:40:41,2453574.23734
2005,15,立秋,135,2005-08-07,18:03:22,2005-08-07,10:03:22,2453589.919752
2005,16,处暑,150,2005-08-23,08:45:27,2005-08-23,00:45:27,2453605.532312
2005,17,白露,165,2005-09-07,20:56:40,2005-09-07,12:56:40,2453621.0401
2005,18,秋分,180,2005-09-23,06:23:10,2005-09-22,22:23:10,2453636.433499
2005,19,寒露,195,2005-10-08,12:33:18,2005-10-08,04:33:18,2453651.690542
2005,20,霜降,210,2005-10-23,15:42:20,2005-10-23,07:42:20,2453666.821809
2005,21,立冬,225,2005-11-07,15:42:27,2005-11-07,07:42:27,2453681.821893
2005,22,小雪,240,2005-11-22,13:14:58,2005-11-22,05:14:58,2453696.71948
2005,23,大雪,255,2005-12-07,08:32:42,2005-12-07,00:32:42,2453711.523452
2005,24,冬至,270,2005-12-22,02:34:56,2005-12-21,18:34:56,2453726.27501
2006,1,小寒,285,2006-01-05,19:46:57,2006-01-05,11:46:57,2453740.991697
2006,2,大寒,300,2006-01-20,13:15:18,2006-01-20,05:15:18,2453755.719718
2006,3,立春,315,2006-02-04,07:27:16,2006-02-03,23:27:16,2453770.478024
2006,4,雨水,330,2006-02-19,03:25:34,2006-02-18,19:25:34,2453785.310181
2006,5,惊蛰,345,2006-03-06,01:28:38,2006-03-05,17:28:38,2453800.228978
2006,6,春分,0,2006-03-21,02:25:33,2006-03-20,18:25:33,2453815.268506
2006,7,清明,15,2006-04-05,06:15:28,2006-04-04,22:15:28,2453830.428168
2006,8,谷雨,30,2006-04-20,13:26:03,2006-04-20,05:26:03,2453845.727183
2006,9,立夏,45,2006-05-05,23:30:37,2006-05-05,15:30:37,2453861.147025
2006,10,小满,60,2006-05-21,12:31:32,2006-05-21,04:31:32,2453876.689328
2006,11,芒种,75,2006-06-06,03:36:58,2006-06-05,19:36:58,2453892.318094
2006,12,夏至,90,2006-06-21,20:25:50,2006-06-21,12:25:50,2453908.018705
2006,13,小暑,105,2006-07-07,13:51:27,2006-07-07,05:51:27,2453923.744819
2006,14,大暑,120,2006-07-23,07:17:41,2006-07-22,23:17:41,2453939.471375
2006,15,立秋,135,2006-08-07,23:40:47,2006-08-07,15:40:47,2453955.154084
2006,16,处暑,150,2006-08-23,14:22:34,2006-08-23,06:22:34,2453970.766436
2006,17,白露,165,2006-09-08,02:39:01,2006-09-07,18:39:01,2453986.277851
2006,18,秋分,180,2006-09-23,12:03:22,2006-09-23,04:03:22,2454001.669761
2006,19,寒露,195,2006-10-08,18:21:21,2006-10-08,10:21:21,2454016.932255
2006,20,霜降,210,2006-10-23,21:26:27,2006-10-23,13:26:27,2454032.060795
2006,21,立冬,225,2006-11-07,21:34:49,2006-11-07,13:34:49,2454047.0666
2006,22,小雪,240,2006-11-22,19:01:44,2006-11-22,11:01:44,2454061.960297
2006,23,大雪,255,2006-12-07,14:26:47,2006-12-07,06:26:47,2454076.769361
2006,24,冬至,270,2006-12-22,08:22:05,2006-12-22,00:22:05,2454091.516094
2007,1,小寒,285,2007-01-06,01:40:09,2007-01-05,17:40:09,2454106.236973
2007,2,大寒,300,2007-01-20,19:00:49,2007-01-20,11:00:49,2454120.95966
2007,3,立春,315,2007-02-04,13:18:12,2007-02-04,05:18:12,2454135.721733
2007,4,雨水,330,2007-02-19,09:08:55,2007-02-19,01:08:55,2454150.548625
2007,5,惊蛰,345,2007-03-06,07:17:59,2007-03-05,23:17:59,2454165.471579
2007,6,春分,0,2007-03-21,08:07:24,2007-03-21,00:07:24,2454180.505904
2007,7,清明,15,2007-04-05,12:04:38,2007-04-05,04:04:38,2454195.670644
2007,8,谷雨,30,2007-04-20,19:07:02,2007-04-20,11:07:02,2454210.963979
2007,9,立夏,45,2007-05-06,05:20:23,2007-05-05,21:20:23,2454226.389912
2007,10,小满,60,2007-05-21,18:11:55,2007-05-21,10:11:55,2454241.925699
2007,11,芒种,75,2007-06-06,09:27:04,2007-06-06,01:27:04,2454257.561219
2007,12,夏至,90,2007-06-22,02:06:25,2007-06-21,18:06:25,2454273.255213
2007,13,小暑,105,2007-07-07,19:41:43,2007-07-07,11:41:43,2454288.988063
2007,14,大暑,120,2007-07-23,13:00:10,2007-07-23,05:00:10,2454304.709209
2007,15,立秋,135,2007-08-08,05:31:14,2007-08-07,21:31:14,2454320.39745
2007,16,处暑,150,2007-08-23,20:07:58,2007-08-23,12:07:58,2454336.006292
2007,17,白露,165,2007-09-08,08:29:28,2007-09-08,00:29:28,2454351.521224
2007,18,秋分,180,2007-09-23,17:51:13,2007-09-23,09:51:13,2454366.911325
2007,19,寒露,195,2007-10-09,00:11:29,2007-10-08,16:11:29,2454382.175401
2007,20,霜降,210,2007-10-24,03:15:23,2007-10-23,19:15:23,2454397.303109
2007,21,立冬,225,2007-11-08,03:24:01,2007-11-07,19:24:01,2454412.309101
2007,22,小雪,240,2007-11-23,00:49:53,2007-11-22,16:49:53,2454427.20207
2007,23,大雪,255,2007-12-07,20:14:05,2007-12-07,12:14:05,2454442.010537
2007,24,冬至,270,2007-12-22,14:07:48,2007-12-22,06:07:48,2454456.756177
2008,1,小寒,285,2008-01-06,07:24:50,2008-01-05,23:24:50,2454471.476336
2008,2,大寒,300,2008-01-21,00:43:31,2008-01-20,16:43:31,2454486.197652
2008,3,立春,315,2008-02-04,19:00:24,2008-02-04,11:00:24,2454500.959371
2008,4,雨水,330,2008-02-19,14:49:33,2008-02-19,06:49:33,2454515.785167
2008,5,惊蛰,345,2008-03-05,12:58:48,2008-03-05,04:58:48,2454530.708259
2008,6,春分,0,2008-03-20,13:48:17,2008-03-20,05:48:17,2454545.742623
2008,7,清明,15,2008-04-04,17:45:51,2008-04-04,09:45:51,2454560.907597
2008,8,谷雨,30,2008-04-20,00:51:07,2008-04-19,16:51:07,2454576.202924
2008,9,立夏,45,2008-05-05,11:03:25,2008-05-05,03:03:25,2454591.628133
2008,10,小满,60,2008-05-21,00:00:53,2008-05-20,16:00:53,2454607.16804
2008,11,芒种,75,2008-06-05,15:11:43,2008-06-05,07:11:43,2454622.800561
2008,12,夏至,90,2008-06-21,07:59:21,2008-06-20,23:59:21,2454638.50031
2008,13,小暑,105,2008-07-07,01:26:49,2008-07-06,17:26:49,2454654.227722
2008,14,大暑,120,2008-07-22,18:54:48,2008-07-22,10:54:48,2454669.955478
2008,15,立秋,135,2008-08-07,11:16:10,2008-08-07,03:16:10,2454685.636993
2008,16,处暑,150,2008-08-23,02:02:14,2008-08-22,18:02:14,2454701.252311
2008,17,白露,165,2008-09-07,14:14:08,2008-09-07,06:14:08,2454716.760577
2008,18,秋分,180,2008-09-22,23:44:29,2008-09-22,15:44:29,2454732.156646
2008,19,寒露,195,2008-10-08,05:56:37,2008-10-07,21:56:37,2454747.415078
2008,20,霜降,210,2008-10-23,09:08:38,2008-10-23,01:08:38,2454762.548423
2008,21,立冬,225,2008-11-07,09:10:33,2008-11-07,01:10:33,2454777.549757
2008,22,小雪,240,2008-11-22,06:44:20,2008-11-21,22:44:20,2454792.448212
2008,23,大雪,255,2008-12-07,02:02:18,2008-12-06,18:02:18,2454807.252352
2008,24,冬至,270,2008-12-21,20:03:45,2008-12-21,12:03:45,2454822.003365
2009,1,小寒,285,2009-01-05,13:14:07,2009-01-05,05:14:07,2454836.718907
2009,2,大寒,300,2009-01-20,06:40:19,2009-01-19,22:40:19,2454851.445433
2009,3,立春,315,2009-02-04,00:49:47,2009-02-03,16:49:47,2454866.202015
2009,4,雨水,330,2009-02-18,20:46:06,2009-02-18,12:46:06,2454881.032783
2009,5,惊蛰,345,2009-03-05,18:47:31,2009-03-05,10:47:31,2454895.950438
2009,6,春分,0,2009-03-20,19:43:37,2009-03-20,11:43:37,2454910.989394
2009,7,清明,15,2009-04-04,23:33:46,2009-04-04,15:33:46,2454926.149216
2009,8,谷雨,30,2009-04-20,06:44:23,2009-04-19,22:44:23,2454941.448263
2009,9,立夏,45,2009-05-05,16:50:49,2009-05-05,08:50:49,2454956.869394
2009,10,小满,60,2009-05-21,05:51:09,2009-05-20,21:51:09,2454972.411295
2009,11,芒种,75,2009-06-05,20:59:03,2009-06-05,12:59:03,2454988.04178
2009,12,夏至,90,2009-06-21,13:45:31,2009-06-21,05:45:31,2455003.740709
2009,13,小暑,105,2009-07-07,07:13:29,2009-07-06,23:13:29,2455019.468469
2009,14,大暑,120,2009-07-23,00:35:42,2009-07-22,16:35:42,2455035.192233
2009,15,立秋,135,2009-08-07,17:01:08,2009-08-07,09:01:08,2455050.876561
2009,16,处暑,150,2009-08-23,07:38:33,2009-08-22,23:38:33,2455066.48588
2009,17,白露,165,2009-09-07,19:57:35,2009-09-07,11:57:35,2455081.999097
2009,18,秋分,180,2009-09-23,05:18:34,2009-09-22,21:18:34,2455097.388671
2009,19,寒露,195,2009-10-08,11:40:02,2009-10-08,03:40:02,2455112.653576
2009,20,霜降,210,2009-10-23,14:43:27,2009-10-23,06:43:27,2455127.78095
2009,21,立冬,225,2009-11-07,14:56:14,2009-11-07,06:56:14,2455142.789827
2009,22,小雪,240,2009-11-22,12:22:33,2009-11-22,04:22:33,2455157.6831
2009,23,大雪,255,2009-12-07,07:52:13,2009-12-06,23:52:13,2455172.495369
2009,24,冬至,270,2009-12-22,01:46:47,2009-12-21,17:46:47,2455187.24159
2010,1,小寒,285,2010-01-05,19:08:47,2010-01-05,11:08:47,2455201.9652
2010,2,大寒,300,2010-01-20,12:27:41,2010-01-20,04:27:41,2455216.686666
2010,3,立春,315,2010-02-04,06:47:50,2010-02-03,22:47:50,2455231.450658
2010,4,雨水,330,2010-02-19,02:35:37,2010-02-18,18:35:37,2455246.275502
2010,5,惊蛰,345,2010-03-06,00:46:20,2010-03-05,16:46:20,2455261.199609
2010,6,春分,0,2010-03-21,01:32:11,2010-03-20,17:32:11,2455276.23146
2010,7,清明,15,2010-04-05,05:30:28,2010-04-04,21:30:28,2455291.396925
2010,8,谷雨,30,2010-04-20,12:29:47,2010-04-20,04:29:47,2455306.688126
2010,9,立夏,45,2010-05-05,22:44:00,2010-05-05,14:44:00,2455322.114663
2010,10,小满,60,2010-05-21,11:33:53,2010-05-21,03:33:53,2455337.649306
2010,11,芒种,75,2010-06-06,02:49:23,2010-06-05,18:49:23,2455353.285065
2010,12,夏至,90,2010-06-21,19:28:24,2010-06-21,11:28:24,2455368.978828
2010,13,小暑,105,2010-07-07,13:02:24,2010-07-07,05:02:24,2455384.710769
2010,14,大暑,120,2010-07-23,06:21:12,2010-07-22,22:21:12,2455400.432162
2010,15,立秋,135,2010-08-07,22:49:08,2010-08-07,14:49:08,2455416.118229
2010,16,处暑,150,2010-08-23,13:26:57,2010-08-23,05:26:57,2455431.727815
2010,17,白露,165,2010-09-08,01:44:41,2010-09-07,17:44:41,2455447.24013
2010,18,秋分,180,2010-09-23,11:09:01,2010-09-23,03:09:01,2455462.632036
2010,19,寒露,195,2010-10-08,17:26:28,2010-10-08,09:26:28,2455477.894154
2010,20,霜降,210,2010-10-23,20:35:03,2010-10-23,12:35:03,2455493.025108
2010,21,立冬,225,2010-11-07,20:42:29,2010-11-07,12:42:29,2455508.030278
2010,22,小雪,240,2010-11-22,18:14:33,2010-11-22,10:14:33,2455522.927546
2010,23,大雪,255,2010-12-07,13:38:23,2010-12-07,05:38:23,2455537.735758
2010,24,冬至,270,2010-12-22,07:38:27,2010-12-21,23:38:27,2455552.485806
2011,1,小寒,285,2011-01-06,00:54:38,2011-01-05,16:54:38,2455567.205376
2011,2,大寒,300,2011-01-20,18:18:32,2011-01-20,10:18:32,2455581.930306
2011,3,立春,315,2011-02-04,12:32:56,2011-02-04,04:32:56,2455596.69031
2011,4,雨水,330,2011-02-19,08:25:19,2011-02-19,00:25:19,2455611.518352
2011,5,惊蛰,345,2011-03-06,06:29:58,2011-03-05,22:29:58,2455626.438247
2011,6,春分,0,2011-03-21,07:20:43,2011-03-20,23:20:43,2455641.473491
2011,7,清明,15,2011-04-05,11:11:58,2011-04-05,03:11:58,2455656.634082
2011,8,谷雨,30,2011-04-20,18:17:25,2011-04-20,10:17:25,2455671.929533
2011,9,立夏,45,2011-05-06,04:23:13,2011-05-05,20:23:13,2455687.350225
2011,10,小满,60,2011-05-21,17:21:10,2011-05-21,09:21:10,2455702.890467
2011,11,芒种,75,2011-06-06,08:27:20,2011-06-06,00:27:20,2455718.519757
2011,12,夏至,90,2011-06-22,01:16:30,2011-06-21,17:16:30,2455734.220561
2011,13,小暑,105,2011-07-07,18:42:00,2011-07-07,10:42:00,2455749.946609
2011,14,大暑,120,2011-07-23,12:11:50,2011-07-23,04:11:50,2455765.675651
2011,15,立秋,135,2011-08-08,04:33:26,2011-08-07,20:33:26,2455781.357321
2011,16,处暑,150,2011-08-23,19:20:39,2011-08-23,11:20:39,2455796.973442
2011,17,白露,165,2011-09-08,07:34:13,2011-09-07,23:34:13,2455812.482866
2011,18,秋分,180,2011-09-23,17:04:38,2011-09-23,09:04:38,2455827.878987
2011,19,寒露,195,2011-10-08,23:19:05,2011-10-08,15:19:05,2455843.139024
2011,20,霜降,210,2011-10-24,02:30:18,2011-10-23,18:30:18,2455858.271816
2011,21,立冬,225,2011-11-08,02:34:55,2011-11-07,18:34:55,2455873.275022
2011,22,小雪,240,2011-11-23,00:07:49,2011-11-22,16:07:49,2455888.172867
2011,23,大雪,255,2011-12-07,19:29:00,2011-12-07,11:29:00,2455902.97924
2011,24,冬至,270,2011-12-22,13:30:02,2011-12-22,05:30:02,2455917.729965
2012,1,小寒,285,2012-01-06,06:43:55,2012-01-05,22:43:55,2455932.447938
2012,2,大寒,300,2012-01-21,00:09:50,2012-01-20,16:09:50,2455947.17427
2012,3,立春,315,2012-02-04,18:22:23,2012-02-04,10:22:23,2455961.932987
2012,4,雨水,330,2012-02-19,14:17:36,2012-02-19,06:17:36,2455976.763
2012,5,惊蛰,345,2012-03-05,12:21:02,2012-03-05,04:21:02,2455991.682049
2012,6,春分,0,2012-03-20,13:14:25,2012-03-20,05:14:25,2456006.719119
2012,7,清明,15,2012-04-04,17:05:35,2012-04-04,09:05:35,2456021.879652
2012,8,谷雨,30,2012-04-20,00:12:04,2012-04-19,16:12:04,2456037.175822
2012,9,立夏,45,2012-05-05,10:19:40,2012-05-05,02:19:40,2456052.597766
2012,10,小满,60,2012-05-20,23:15:32,2012-05-20,15:15:32,2456068.136554
2012,11,芒种,75,2012-06-05,14:25:54,2012-06-05,06:25:54,2456083.768757
2012,12,夏至,90,2012-06-21,07:08:49,2012-06-20,23:08:49,2456099.465223
2012,13,小暑,105,2012-07-07,00:40:43,2012-07-06,16:40:43,2456115.195724
2012,14,大暑,120,2012-07-22,18:00:51,2012-07-22,10:00:51,2456130.918044
2012,15,立秋,135,2012-08-07,10:30:32,2012-08-07,02:30:32,2456146.605323
2012,16,处暑,150,2012-08-23,01:06:49,2012-08-22,17:06:49,2456162.21385
2012,17,白露,165,2012-09-07,13:29:00,2012-09-07,05:29:00,2456177.729253
2012,18,秋分,180,2012-09-22,22:48:58,2012-09-22,14:48:58,2456193.118116
2012,19,寒露,195,2012-10-08,05:11:42,2012-10-07,21:11:42,2456208.383906
2012,20,霜降,210,2012-10-23,08:13:33,2012-10-23,00:13:33,2456223.510195
2012,21,立冬,225,2012-11-07,08:25:57,2012-11-07,00:25:57,2456238.518803
2012,22,小雪,240,2012-11-22,05:50:08,2012-11-21,21:50:08,2456253.410603
2012,23,大雪,255,2012-12-07,01:18:56,2012-12-06,17:18:56,2456268.222261
2012,24,冬至,270,2012-12-21,19:11:36,2012-12-21,11:11:36,2456282.967173
2013,1,小寒,285,2013-01-05,12:33:38,2013-01-05,04:33:38,2456297.690804
2013,2,大寒,300,2013-01-20,05:51:43,2013-01-19,21:51:43,2456312.411696
2013,3,立春,315,2013-02-04,00:13:25,2013-02-03,16:13:25,2456327.176766
2013,4,雨水,330,2013-02-18,20:01:35,2013-02-18,12:01:35,2456342.001885
2013,5,惊蛰,345,2013-03-05,18:14:50,2013-03-05,10:14:50,2456356.927754
2013,6,春分,0,2013-03-20,19:01:54,2013-03-20,11:01:54,2456371.960439
2013,7,清明,15,2013-04-04,23:02:27,2013-04-04,15:02:27,2456387.12748
2013,8,谷雨,30,2013-04-20,06:03:17,2013-04-19,22:03:17,2456402.419726
2013,9,立夏,45,2013-05-05,16:18:10,2013-05-05,08:18:10,2456417.846728
2013,10,小满,60,2013-05-21,05:09:30,2013-05-20,21:09:30,2456433.382378
2013,11,芒种,75,2013-06-05,20:23:20,2013-06-05,12:23:20,2456449.016984
2013,12,夏至,90,2013-06-21,13:03:57,2013-06-21,05:03:57,2456464.711855
2013,13,小暑,105,2013-07-07,06:34:36,2013-07-06,22:34:36,2456480.441479
2013,14,大暑,120,2013-07-22,23:55:58,2013-07-22,15:55:58,2456496.164653
2013,15,立秋,135,2013-08-07,16:20:21,2013-08-07,08:20:21,2456511.848247
2013,16,处暑,150,2013-08-23,07:01:42,2013-08-22,23:01:42,2456527.460296
2013,17,白露,165,2013-09-07,19:16:15,2013-09-07,11:16:15,2456542.970402
2013,18,秋分,180,2013-09-23,04:44:08,2013-09-22,20:44:08,2456558.364762
2013,19,寒露,195,2013-10-08,10:58:29,2013-10-08,02:58:29,2456573.624731
2013,20,霜降,210,2013-10-23,14:09:49,2013-10-23,06:09:49,2456588.757601
2013,21,立冬,225,2013-11-07,14:13:53,2013-11-07,06:13:53,2456603.76042
2013,22,小雪,240,2013-11-22,11:48:07,2013-11-22,03:48:07,2456618.659201
2013,23,大雪,255,2013-12-07,07:08:32,2013-12-06,23:08:32,2456633.465047
2013,24,冬至,270,2013-12-22,01:11:00,2013-12-21,17:11:00,2456648.216753
2014,1,小寒,285,2014-01-05,18:24:11,2014-01-05,10:24:11,2456662.934247
2014,2,大寒,300,2014-01-20,11:51:15,2014-01-20,03:51:15,2456677.661372
2014,3,立春,315,2014-02-04,06:03:16,2014-02-03,22:03:16,2456692.419721
2014,4,雨水,330,2014-02-19,01:59:29,2014-02-18,17:59:29,2456707.250427
2014,5,惊蛰,345,2014-03-06,00:02:15,2014-03-05,16:02:15,2456722.169016
2014,6,春分,0,2014-03-21,00:57:05,2014-03-20,16:57:05,2456737.207092
2014,7,清明,15,2014-04-05,04:46:39,2014-04-04,20:46:39,2456752.366516
2014,8,谷雨,30,2014-04-20,11:55:32,2014-04-20,03:55:32,2456767.664348
2014,9,立夏,45,2014-05-05,21:59:26,2014-05-05,13:59:26,2456783.08372
2014,10,小满,60,2014-05-21,10:59:03,2014-05-21,02:59:03,2456798.625125
2014,11,芒种,75,2014-06-06,02:03:03,2014-06-05,18:03:03,2456814.252899
2014,12,夏至,90,2014-06-21,18:51:14,2014-06-21,10:51:14,2456829.953026
2014,13,小暑,105,2014-07-07,12:14:46,2014-07-07,04:14:46,2456845.677709
2014,14,大暑,120,2014-07-23,05:41:22,2014-07-22,21:41:22,2456861.404508
2014,15,立秋,135,2014-08-07,22:02:29,2014-08-07,14:02:29,2456877.085837
2014,16,处暑,150,2014-08-23,12:45:59,2014-08-23,04:45:59,2456892.699378
2014,17,白露,165,2014-09-08,01:01:26,2014-09-07,17:01:26,2456908.210107
2014,18,秋分,180,2014-09-23,10:29:04,2014-09-23,02:29:04,2456923.604307
2014,19,寒露,195,2014-10-08,16:47:30,2014-10-08,08:47:30,2456938.867101
2014,20,霜降,210,2014-10-23,19:57:03,2014-10-23,11:57:03,2456953.998739
2014,21,立冬,225,2014-11-07,20:06:40,2014-11-07,12:06:40,2456969.005418
2014,22,小雪,240,2014-11-22,17:38:11,2014-11-22,09:38:11,2456983.902299
2014,23,大雪,255,2014-12-07,13:04:06,2014-12-07,05:04:06,2456998.711967
2014,24,冬至,270,2014-12-22,07:03:01,2014-12-21,23:03:01,2457013.461213
2015,1,小寒,285,2015-01-06,00:20:33,2015-01-05,16:20:33,2457028.181723
2015,2,大寒,300,2015-01-20,17:43:15,2015-01-20,09:43:15,2457042.90582
2015,3,立春,315,2015-02-04,11:58:28,2015-02-04,03:58:28,2457057.666383
2015,4,雨水,330,2015-02-19,07:49:49,2015-02-18,23:49:49,2457072.493707
2015,5,惊蛰,345,2015-03-06,05:55:40,2015-03-05,21:55:40,2457087.414441
2015,6,春分,0,2015-03-21,06:45:09,2015-03-20,22:45:09,2457102.448802
2015,7,清明,15,2015-04-05,10:39:07,2015-04-05,02:39:07,2457117.611286
2015,8,谷雨,30,2015-04-20,17:41:51,2015-04-20,09:41:51,2457132.904849
2015,9,立夏,45,2015-05-06,03:52:35,2015-05-05,19:52:35,2457148.32897
2015,10,小满,60,2015-05-21,16:44:47,2015-05-21,08:44:47,2457163.865217
2015,11,芒种,75,2015-06-06,07:58:11,2015-06-05,23:58:11,2457179.499519
2015,12,夏至,90,2015-06-22,00:37:55,2015-06-21,16:37:55,2457195.193785
2015,13,小暑,105,2015-07-07,18:12:15,2015-07-07,10:12:15,2457210.925967
2015,14,大暑,120,2015-07-23,11:30:26,2015-07-23,03:30:26,2457226.646934
2015,15,立秋,135,2015-08-08,04:01:23,2015-08-07,20:01:23,2457242.335087
2015,16,处暑,150,2015-08-23,18:37:16,2015-08-23,10:37:16,2457257.943342
2015,17,白露,165,2015-09-08,06:59:33,2015-09-07,22:59:33,2457273.458819
2015,18,秋分,180,2015-09-23,16:20:32,2015-09-23,08:20:32,2457288.84839
2015,19,寒露,195,2015-10-08,22:42:49,2015-10-08,14:42:49,2457304.113859
2015,20,霜降,210,2015-10-24,01:46:43,2015-10-23,17:46:43,2457319.241574
2015,21,立冬,225,2015-11-08,01:58:38,2015-11-07,17:58:38,2457334.249844
2015,22,小雪,240,2015-11-22,23:25:17,2015-11-22,15:25:17,2457349.143352
2015,23,大雪,255,2015-12-07,18:53:21,2015-12-07,10:53:21,2457363.954509
2015,24,冬至,270,2015-12-22,12:47:56,2015-12-22,04:47:56,2457378.70075
2016,1,小寒,285,2016-01-06,06:08:22,2016-01-05,22:08:22,2457393.423274
2016,2,大寒,300,2016-01-20,23:27:05,2016-01-20,15:27:05,2457408.144604
2016,3,立春,315,2016-02-04,17:46:02,2016-02-04,09:46:02,2457422.907759
2016,4,雨水,330,2016-02-19,13:33:43,2016-02-19,05:33:43,2457437.732543
2016,5,惊蛰,345,2016-03-05,11:43:32,2016-03-05,03:43:32,2457452.656029
2016,6,春分,0,2016-03-20,12:30:11,2016-03-20,04:30:11,2457467.688418
2016,7,清明,15,2016-04-04,16:27:31,2016-04-04,08:27:31,2457482.853241
2016,8,谷雨,30,2016-04-19,23:29:26,2016-04-19,15:29:26,2457498.146234
2016,9,立夏,45,2016-05-05,09:41:53,2016-05-05,01:41:53,2457513.571548
2016,10,小满,60,2016-05-20,22:36:29,2016-05-20,14:36:29,2457529.109462
2016,11,芒种,75,2016-06-05,13:48:31,2016-06-05,05:48:31,2457544.742815
2016,12,夏至,90,2016-06-21,06:34:11,2016-06-20,22:34:11,2457560.441195
2016,13,小暑,105,2016-07-07,00:03:22,2016-07-06,16:03:22,2457576.169795
2016,14,大暑,120,2016-07-22,17:30:12,2016-07-22,09:30:12,2457591.896771
2016,15,立秋,135,2016-08-07,09:53:02,2016-08-07,01:53:02,2457607.579288
2016,16,处暑,150,2016-08-23,00:38:28,2016-08-22,16:38:28,2457623.19418
2016,17,白露,165,2016-09-07,12:51:05,2016-09-07,04:51:05,2457638.702942
2016,18,秋分,180,2016-09-22,22:21:07,2016-09-22,14:21:07,2457654.098794
2016,19,寒露,195,2016-10-08,04:33:23,2016-10-07,20:33:23,2457669.357308
2016,20,霜降,210,2016-10-23,07:45:33,2016-10-22,23:45:33,2457684.490762
2016,21,立冬,225,2016-11-07,07:47:42,2016-11-06,23:47:42,2457699.492251
2016,22,小雪,240,2016-11-22,05:22:23,2016-11-21,21:22:23,2457714.391339
2016,23,大雪,255,2016-12-07,00:41:08,2016-12-06,16:41:08,2457729.196025
2016,24,冬至,270,2016-12-21,18:44:10,2016-12-21,10:44:10,2457743.948136
2017,1,小寒,285,2017-01-05,11:55:44,2017-01-05,03:55:44,2457758.664509
2017,2,大寒,300,2017-01-20,05:23:36,2017-01-19,21:23:36,2457773.392193
2017,3,立春,315,2017-02-03,23:34:03,2017-02-03,15:34:03,2457788.149451
2017,4,雨水,330,2017-02-18,19:31:19,2017-02-18,11:31:19,2457802.980888
2017,5,惊蛰,345,2017-03-05,17:32:43,2017-03-05,09:32:43,2457817.898526
2017,6,春分,0,2017-03-20,18:28:37,2017-03-20,10:28:37,2457832.93735
2017,7,清明,15,2017-04-04,22:17:19,2017-04-04,14:17:19,2457848.096168
2017,8,谷雨,30,2017-04-20,05:27:00,2017-04-19,21:27:00,2457863.394559
2017,9,立夏,45,2017-05-05,15:31:02,2017-05-05,07:31:02,2457878.814021
2017,10,小满,60,2017-05-21,04:30:55,2017-05-20,20:30:55,2457894.355611
2017,11,芒种,75,2017-06-05,19:36:36,2017-06-05,11:36:36,2457909.984554
2017,12,夏至,90,2017-06-21,12:24:08,2017-06-21,04:24:08,2457925.684238
2017,13,小暑,105,2017-07-07,05:50:41,2017-07-06,21:50:41,2457941.411002
2017,14,大暑,120,2017-07-22,23:15:21,2017-07-22,15:15:21,2457957.136465
2017,15,立秋,135,2017-08-07,15:39:59,2017-08-07,07:39:59,2457972.820243
2017,16,处暑,150,2017-08-23,06:20:12,2017-08-22,22:20:12,2457988.431506
2017,17,白露,165,2017-09-07,18:38:36,2017-09-07,10:38:36,2458003.944279
2017,18,秋分,180,2017-09-23,04:01:47,2017-09-22,20:01:47,2458019.335383
2017,19,寒露,195,2017-10-08,10:22:08,2017-10-08,02:22:08,2458034.599505
2017,20,霜降,210,2017-10-23,13:26:41,2017-10-23,05:26:41,2458049.727664
2017,21,立冬,225,2017-11-07,13:37:49,2017-11-07,05:37:49,2458064.735397
2017,22,小雪,240,2017-11-22,11:04:39,2017-11-22,03:04:39,2458079.62903
2017,23,大雪,255,2017-12-07,06:32:39,2017-12-06,22:32:39,2458094.440143
2017,24,冬至,270,2017-12-22,00:27:56,2017-12-21,16:27:56,2458109.186875
2018,1,小寒,285,2018-01-05,17:48:44,2018-01-05,09:48:44,2458123.909647
2018,2,大寒,300,2018-01-20,11:09:01,2018-01-20,03:09:01,2458138.632066
2018,3,立春,315,2018-02-04,05:28:29,2018-02-03,21:28:29,2458153.395584
2018,4,雨水,330,2018-02-19,01:18:00,2018-02-18,17:18:00,2458168.221641
2018,5,惊蛰,345,2018-03-05,23:28:10,2018-03-05,15:28:10,2458183.14537
2018,6,春分,0,2018-03-21,00:15:27,2018-03-20,16:15:27,2458198.1782
2018,7,清明,15,2018-04-05,04:12:47,2018-04-04,20:12:47,2458213.343016
2018,8,谷雨,30,2018-04-20,11:12:32,2018-04-20,03:12:32,2458228.634514
2018,9,立夏,45,2018-05-05,21:25:22,2018-05-05,13:25:22,2458244.060084
2018,10,小满,60,2018-05-21,10:14:37,2018-05-21,02:14:37,2458259.594289
2018,11,芒种,75,2018-06-06,01:29:08,2018-06-05,17:29:08,2458275.229374
2018,12,夏至,90,2018-06-21,18:07:17,2018-06-21,10:07:17,2458290.922534
2018,13,小暑,105,2018-07-07,11:41:52,2018-07-07,03:41:52,2458306.654878
2018,14,大暑,120,2018-07-23,05:00:20,2018-07-22,21:00:20,2458322.376038
2018,15,立秋,135,2018-08-07,21:30:40,2018-08-07,13:30:40,2458338.063765
2018,16,处暑,150,2018-08-23,12:08:33,2018-08-23,04:08:33,2458353.673415
2018,17,白露,165,2018-09-08,00:29:42,2018-09-07,16:29:42,2458369.188095
2018,18,秋分,180,2018-09-23,09:54:05,2018-09-23,01:54:05,2458384.580033
2018,19,寒露,195,2018-10-08,16:14:43,2018-10-08,08:14:43,2458399.84436
2018,20,霜降,210,2018-10-23,19:22:23,2018-10-23,11:22:23,2458414.974686
2018,21,立冬,225,2018-11-07,19:31:46,2018-11-07,11:31:46,2458429.981195
2018,22,小雪,240,2018-11-22,17:01:29,2018-11-22,09:01:29,2458444.876842
2018,23,大雪,255,2018-12-07,12:25:55,2018-12-07,04:25:55,2458459.68547
2018,24,冬至,270,2018-12-22,06:22:44,2018-12-21,22:22:44,2458474.433256
2019,1,小寒,285,2019-01-05,23:38:57,2019-01-05,15:38:57,2458489.15286
2019,2,大寒,300,2019-01-20,16:59:32,2019-01-20,08:59:32,2458503.875483
2019,3,立春,315,2019-02-04,11:14:19,2019-02-04,03:14:19,2458518.635747
2019,4,雨水,330,2019-02-19,07:03:56,2019-02-18,23:03:56,2458533.46187
2019,5,惊蛰,345,2019-03-06,05:09:44,2019-03-05,21:09:44,2458548.382566
2019,6,春分,0,2019-03-21,05:58:25,2019-03-20,21:58:25,2458563.416377
2019,7,清明,15,2019-04-05,09:51:26,2019-04-05,01:51:26,2458578.578191
2019,8,谷雨,30,2019-04-20,16:55:16,2019-04-20,08:55:16,2458593.872517
2019,9,立夏,45,2019-05-06,03:02:45,2019-05-05,19:02:45,2458609.294386
2019,10,小满,60,2019-05-21,15:59:07,2019-05-21,07:59:07,2458624.833524
2019,11,芒种,75,2019-06-06,07:06:24,2019-06-05,23:06:24,2458640.463581
2019,12,夏至,90,2019-06-21,23:54:14,2019-06-21,15:54:14,2458656.163474
2019,13,小暑,105,2019-07-07,17:20:31,2019-07-07,09:20:31,2458671.890054
2019,14,大暑,120,2019-07-23,10:50:22,2019-07-23,02:50:22,2458687.619118
2019,15,立秋,135,2019-08-08,03:13:03,2019-08-07,19:13:03,2458703.301535
2019,16,处暑,150,2019-08-23,18:02:00,2019-08-23,10:02:00,2458718.918862
2019,17,白露,165,2019-09-08,06:16:52,2019-09-07,22:16:52,2458734.429182
2019,18,秋分,180,2019-09-23,15:50:10,2019-09-23,07:50:10,2458749.827312
2019,19,寒露,195,2019-10-08,22:05:37,2019-10-08,14:05:37,2458765.088043
2019,20,霜降,210,2019-10-24,01:19:44,2019-10-23,17:19:44,2458780.222842
2019,21,立冬,225,2019-11-08,01:24:22,2019-11-07,17:24:22,2458795.226058
2019,22,小雪,240,2019-11-22,22:58:56,2019-11-22,14:58:56,2458810.12506
2019,23,大雪,255,2019-12-07,18:18:28,2019-12-07,10:18:28,2458824.930294
2019,24,冬至,270,2019-12-22,12:19:26,2019-12-22,04:19:26,2458839.680964
2020,1,小寒,285,2020-01-06,05:30:06,2020-01-05,21:30:06,2458854.396709
2020,2,大寒,300,2020-01-20,22:54:40,2020-01-20,14:54:40,2458869.122099
2020,3,立春,315,2020-02-04,17:03:19,2020-02-04,09:03:19,2458883.878115
2020,4,雨水,330,2020-02-19,12:57:00,2020-02-19,04:57:00,2458898.707053
2020,5,惊蛰,345,2020-03-05,10:56:53,2020-03-05,02:56:53,2458913.62364
2020,6,春分,0,2020-03-20,11:49:37,2020-03-20,03:49:37,2458928.660258
2020,7,清明,15,2020-04-04,15:38:10,2020-04-04,07:38:10,2458943.818975
2020,8,谷雨,30,2020-04-19,22:45:28,2020-04-19,14:45:28,2458959.115719
2020,9,立夏,45,2020-05-05,08:51:23,2020-05-05,00:51:23,2458974.536487
2020,10,小满,60,2020-05-20,21:49:17,2020-05-20,13:49:17,2458990.076694
2020,11,芒种,75,2020-06-05,12:58:25,2020-06-05,04:58:25,2459005.708045
2020,12,夏至,90,2020-06-21,05:43:40,2020-06-20,21:43:40,2459021.406136
2020,13,小暑,105,2020-07-06,23:14:27,2020-07-06,15:14:27,2459037.135841
2020,14,大暑,120,2020-07-22,16:36:52,2020-07-22,08:36:52,2459052.859743
2020,15,立秋,135,2020-08-07,09:06:11,2020-08-07,01:06:11,2459068.546768
2020,16,处暑,150,2020-08-22,23:44:56,2020-08-22,15:44:56,2459084.157006
2020,17,白露,165,2020-09-07,12:08:03,2020-09-07,04:08:03,2459099.673059
2020,18,秋分,180,2020-09-22,21:30:39,2020-09-22,13:30:39,2459115.063755
2020,19,寒露,195,2020-10-08,03:55:15,2020-10-07,19:55:15,2459130.330847
2020,20,霜降,210,2020-10-23,06:59:32,2020-10-22,22:59:32,2459145.458816
2020,21,立冬,225,2020-11-07,07:13:55,2020-11-06,23:13:55,2459160.468803
2020,22,小雪,240,2020-11-22,04:39:45,2020-11-21,20:39:45,2459175.361745
2020,23,大雪,255,2020-12-07,00:09:30,2020-12-06,16:09:30,2459190.174069
2020,24,冬至,270,2020-12-21,18:02:20,2020-12-21,10:02:20,2459204.919093
2021,1,小寒,285,2021-01-05,11:23:25,2021-01-05,03:23:25,2459219.642071
2021,2,大寒,300,2021-01-20,04:39:51,2021-01-19,20:39:51,2459234.361815
2021,3,立春,315,2021-02-03,22:58:47,2021-02-03,14:58:47,2459249.124965
2021,4,雨水,330,2021-02-18,18:43:58,2021-02-18,10:43:58,2459263.948003
2021,5,惊蛰,345,2021-03-05,16:53:40,2021-03-05,08:53:40,2459278.871413
2021,6,春分,0,2021-03-20,17:37:28,2021-03-20,09:37:28,2459293.901825
2021,7,清明,15,2021-04-04,21:35:06,2021-04-04,13:35:06,2459309.066845
2021,8,谷雨,30,2021-04-20,04:33:23,2021-04-19,20:33:23,2459324.357328
2021,9,立夏,45,2021-05-05,14:47:10,2021-05-05,06:47:10,2459339.78356
2021,10,小满,60,2021-05-21,03:37:06,2021-05-20,19:37:06,2459355.31824
2021,11,芒种,75,2021-06-05,18:52:06,2021-06-05,10:52:06,2459370.953648
2021,12,夏至,90,2021-06-21,11:32:09,2021-06-21,03:32:09,2459386.648137
2021,13,小暑,105,2021-07-07,05:05:28,2021-07-06,21:05:28,2459402.379606
2021,14,大暑,120,2021-07-22,22:26:25,2021-07-22,14:26:25,2459418.102488
2021,15,立秋,135,2021-08-07,14:53:58,2021-08-07,06:53:58,2459433.788284
2021,16,处暑,150,2021-08-23,05:34:58,2021-08-22,21:34:58,2459449.400093
2021,17,白露,165,2021-09-07,17:52:56,2021-09-07,09:52:56,2459464.912564
2021,18,秋分,180,2021-09-23,03:21:05,2021-09-22,19:21:05,2459480.307114
2021,19,寒露,195,2021-10-08,09:39:02,2021-10-08,01:39:02,2459495.569576
2021,20,霜降,210,2021-10-23,12:51:10,2021-10-23,04:51:10,2459510.703001
2021,21,立冬,225,2021-11-07,12:58:45,2021-11-07,04:58:45,2459525.708274
2021,22,小雪,240,2021-11-22,10:33:43,2021-11-22,02:33:43,2459540.607558
2021,23,大雪,255,2021-12-07,05:57:03,2021-12-06,21:57:03,2459555.415428
2021,24,冬至,270,2021-12-21,23:59:18,2021-12-21,15:59:18,2459570.166985
2022,1,小寒,285,2022-01-05,17:14:03,2022-01-05,09:14:03,2459584.885564
2022,2,大寒,300,2022-01-20,10:39:06,2022-01-20,02:39:06,2459599.611298
2022,3,立春,315,2022-02-04,04:50:47,2022-02-03,20:50:47,2459614.369407
2022,4,雨水,330,2022-02-19,00:43:01,2022-02-18,16:43:01,2459629.197341
2022,5,惊蛰,345,2022-03-05,22:43:45,2022-03-05,14:43:45,2459644.114522
2022,6,春分,0,2022-03-20,23:33:24,2022-03-20,15:33:24,2459659.149006
2022,7,清明,15,2022-04-05,03:20:14,2022-04-04,19:20:14,2459674.306525
2022,8,谷雨,30,2022-04-20,10:24:16,2022-04-20,02:24:16,2459689.600995
2022,9,立夏,45,2022-05-05,20:25:57,2022-05-05,12:25:57,2459705.018826
2022,10,小满,60,2022-05-21,09:22:34,2022-05-21,01:22:34,2459720.558147
2022,11,芒种,75,2022-06-06,00:25:48,2022-06-05,16:25:48,2459736.185388
2022,12,夏至,90,2022-06-21,17:13:51,2022-06-21,09:13:51,2459751.885419
2022,13,小暑,105,2022-07-07,10:38:00,2022-07-07,02:38:00,2459767.610525
2022,14,大暑,120,2022-07-23,04:06:59,2022-07-22,20:06:59,2459783.338991
2022,15,立秋,135,2022-08-07,20:29:09,2022-08-07,12:29:09,2459799.02105
2022,16,处暑,150,2022-08-23,11:16:10,2022-08-23,03:16:10,2459814.637032
2022,17,白露,165,2022-09-07,23:32:18,2022-09-07,15:32:18,2459830.148237
2022,18,秋分,180,2022-09-23,09:03:42,2022-09-23,01:03:42,2459845.54504
2022,19,寒露,195,2022-10-08,15:22:27,2022-10-08,07:22:27,2459860.808063
2022,20,霜降,210,2022-10-23,18:35:41,2022-10-23,10:35:41,2459875.942258
2022,21,立冬,225,2022-11-07,18:45:29,2022-11-07,10:45:29,2459890.949055
2022,22,小雪,240,2022-11-22,16:20:29,2022-11-22,08:20:29,2459905.848365
2022,23,大雪,255,2022-12-07,11:46:15,2022-12-07,03:46:15,2459920.657928
2022,24,冬至,270,2022-12-22,05:48:13,2022-12-21,21:48:13,2459935.409285
2023,1,小寒,285,2023-01-05,23:04:50,2023-01-05,15:04:50,2459950.129165
2023,2,大寒,300,2023-01-20,16:29:33,2023-01-20,08:29:33,2459964.854665
2023,3,立春,315,2023-02-04,10:42:33,2023-02-04,02:42:33,2459979.613684
2023,4,雨水,330,2023-02-19,06:34:18,2023-02-18,22:34:18,2459994.441296
2023,5,惊蛰,345,2023-03-06,04:36:14,2023-03-05,20:36:14,2460009.359299
2023,6,春分,0,2023-03-21,05:24:26,2023-03-20,21:24:26,2460024.392774
2023,7,清明,15,2023-04-05,09:13:03,2023-04-05,01:13:03,2460039.551538
2023,8,谷雨,30,2023-04-20,16:13:37,2023-04-20,08:13:37,2460054.8436
2023,9,立夏,45,2023-05-06,02:18:45,2023-05-05,18:18:45,2460070.263828
2023,10,小满,60,2023-05-21,15:09:11,2023-05-21,07:09:11,2460085.798847
2023,11,芒种,75,2023-06-06,06:18:21,2023-06-05,22:18:21,2460101.430215
2023,12,夏至,90,2023-06-21,22:57:49,2023-06-21,14:57:49,2460117.124293
2023,13,小暑,105,2023-07-07,16:30:41,2023-07-07,08:30:41,2460132.85545
2023,14,大暑,120,2023-07-23,09:50:28,2023-07-23,01:50:28,2460148.577518
2023,15,立秋,135,2023-08-08,02:22:53,2023-08-07,18:22:53,2460164.266698
2023,16,处暑,150,2023-08-23,17:01:19,2023-08-23,09:01:19,2460179.876719
2023,17,白露,165,2023-09-08,05:26:42,2023-09-07,21:26:42,2460195.394346
2023,18,秋分,180,2023-09-23,14:49:59,2023-09-23,06:49:59,2460210.785518
2023,19,寒露,195,2023-10-08,21:15:35,2023-10-08,13:15:35,2460226.053289
2023,20,霜降,210,2023-10-24,00:20:52,2023-10-23,16:20:52,2460241.181963
2023,21,立冬,225,2023-11-08,00:35:35,2023-11-07,16:35:35,2460256.192188
2023,22,小雪,240,2023-11-22,22:02:42,2023-11-22,14:02:42,2460271.086013
2023,23,大雪,255,2023-12-07,17:32:57,2023-12-07,09:32:57,2460285.898684
2023,24,冬至,270,2023-12-22,11:27:21,2023-12-22,03:27:21,2460300.644804
2024,1,小寒,285,2024-01-06,04:49:22,2024-01-05,20:49:22,2460315.368423
2024,2,大寒,300,2024-01-20,22:07:20,2024-01-20,14:07:20,2460330.089235
2024,3,立春,315,2024-02-04,16:27:07,2024-02-04,08:27:07,2460344.852972
2024,4,雨水,330,2024-02-19,12:13:10,2024-02-19,04:13:10,2460359.676615
2024,5,惊蛰,345,2024-03-05,10:22:46,2024-03-05,02:22:46,2460374.599946
2024,6,春分,0,2024-03-20,11:06:24,2024-03-20,03:06:24,2460389.630247
2024,7,清明,15,2024-04-04,15:02:17,2024-04-04,07:02:17,2460404.794061
2024,8,谷雨,30,2024-04-19,21:59:45,2024-04-19,13:59:45,2460420.083966
2024,9,立夏,45,2024-05-05,08:10:05,2024-05-05,00:10:05,2460435.507804
2024,10,小满,60,2024-05-20,20:59:30,2024-05-20,12:59:30,2460451.042124
2024,11,芒种,75,2024-06-05,12:09:53,2024-06-05,04:09:53,2460466.674339
2024,12,夏至,90,2024-06-21,04:50:59,2024-06-20,20:50:59,2460482.369549
2024,13,小暑,105,2024-07-06,22:20:03,2024-07-06,14:20:03,2460498.098062
2024,14,大暑,120,2024-07-22,15:44:25,2024-07-22,07:44:25,2460513.823321
2024,15,立秋,135,2024-08-07,08:09:16,2024-08-07,00:09:16,2460529.507241
2024,16,处暑,150,2024-08-22,22:55:02,2024-08-22,14:55:02,2460545.122363
2024,17,白露,165,2024-09-07,11:11:20,2024-09-07,03:11:20,2460560.633681
2024,18,秋分,180,2024-09-22,20:43:39,2024-09-22,12:43:39,2460576.03112
2024,19,寒露,195,2024-10-08,02:59:57,2024-10-07,18:59:57,2460591.292437
2024,20,霜降,210,2024-10-23,06:14:44,2024-10-22,22:14:44,2460606.427704
2024,21,立冬,225,2024-11-07,06:20:04,2024-11-06,22:20:04,2460621.431409
2024,22,小雪,240,2024-11-22,03:56:29,2024-11-21,19:56:29,2460636.331701
2024,23,大雪,255,2024-12-06,23:17:02,2024-12-06,15:17:02,2460651.137637
2024,24,冬至,270,2024-12-21,17:20:34,2024-12-21,09:20:34,2460665.890085
2025,1,小寒,285,2025-01-05,10:32:46,2025-01-05,02:32:46,2460680.606893
2025,2,大寒,300,2025-01-20,04:00:07,2025-01-19,20:00:07,2460695.33422
2025,3,立春,315,2025-02-03,22:10:28,2025-02-03,14:10:28,2460710.091404
2025,4,雨水,330,2025-02-18,18:06:34,2025-02-18,10:06:34,2460724.922031
2025,5,惊蛰,345,2025-03-05,16:07:16,2025-03-05,08:07:16,2460739.839182
2025,6,春分,0,2025-03-20,17:01:28,2025-03-20,09:01:28,2460754.87683
2025,7,清明,15,2025-04-04,20:48:33,2025-04-04,12:48:33,2460770.034525
2025,8,谷雨,30,2025-04-20,03:56:01,2025-04-19,19:56:01,2460785.33137
2025,9,立夏,45,2025-05-05,13:57:11,2025-05-05,05:57:11,2460800.74885
2025,10,小满,60,2025-05-21,02:54:38,2025-05-20,18:54:38,2460816.288742
2025,11,芒种,75,2025-06-05,17:56:31,2025-06-05,09:56:31,2460831.91505
2025,12,夏至,90,2025-06-21,10:42:15,2025-06-21,02:42:15,2460847.613482
2025,13,小暑,105,2025-07-07,04:04:59,2025-07-06,20:04:59,2460863.337596
2025,14,大暑,120,2025-07-22,21:29:27,2025-07-22,13:29:27,2460879.06292
2025,15,立秋,135,2025-08-07,13:51:34,2025-08-07,05:51:34,2460894.744953
2025,16,处暑,150,2025-08-23,04:33:51,2025-08-22,20:33:51,2460910.357647
2025,17,白露,165,2025-09-07,16:51:56,2025-09-07,08:51:56,2460925.870207
2025,18,秋分,180,2025-09-23,02:19:20,2025-09-22,18:19:20,2460941.264233
2025,19,寒露,195,2025-10-08,08:41:12,2025-10-08,00:41:12,2460956.529413
2025,20,霜降,210,2025-10-23,11:50:55,2025-10-23,03:50:55,2460971.661165
2025,21,立冬,225,2025-11-07,12:04:02,2025-11-07,04:04:02,2460986.670277
2025,22,小雪,240,2025-11-22,09:35:34,2025-11-22,01:35:34,2461001.567173
2025,23,大雪,255,2025-12-07,05:04:34,2025-12-06,21:04:34,2461016.378983
2025,24,冬至,270,2025-12-21,23:03:05,2025-12-21,15:03:05,2461031.127944
2026,1,小寒,285,2026-01-05,16:23:09,2026-01-05,08:23:09,2461045.850216
2026,2,大寒,300,2026-01-20,09:44:56,2026-01-20,01:44:56,2461060.573672
2026,3,立春,315,2026-02-04,04:02:07,2026-02-03,20:02:07,2461075.335615
2026,4,雨水,330,2026-02-18,23:51:55,2026-02-18,15:51:55,2461090.16186
2026,5,惊蛰,345,2026-03-05,21:58:59,2026-03-05,13:58:59,2461105.083429
2026,6,春分,0,2026-03-20,22:45:57,2026-03-20,14:45:57,2461120.116049
2026,7,清明,15,2026-04-05,02:39:59,2026-04-04,18:39:59,2461135.278569
2026,8,谷雨,30,2026-04-20,09:39:06,2026-04-20,01:39:06,2461150.569626
2026,9,立夏,45,2026-05-05,19:48:43,2026-05-05,11:48:43,2461165.992973
2026,10,小满,60,2026-05-21,08:36:44,2026-05-21,00:36:44,2461181.526314
2026,11,芒种,75,2026-06-05,23:48:21,2026-06-05,15:48:21,2461197.159387
2026,12,夏至,90,2026-06-21,16:24:30,2026-06-21,08:24:30,2461212.851152
2026,13,小暑,105,2026-07-07,09:56:57,2026-07-07,01:56:57,2461228.58202
2026,14,大暑,120,2026-07-23,03:13:05,2026-07-22,19:13:05,2461244.301556
2026,15,立秋,135,2026-08-07,19:42:44,2026-08-07,11:42:44,2461259.988816
2026,16,处暑,150,2026-08-23,10:18:48,2026-08-23,02:18:48,2461275.597195
2026,17,白露,165,2026-09-07,22:41:17,2026-09-07,14:41:17,2461291.112806
2026,18,秋分,180,2026-09-23,08:05:13,2026-09-23,00:05:13,2461306.504425
2026,19,寒露,195,2026-10-08,14:29:17,2026-10-08,06:29:17,2461321.771142
2026,20,霜降,210,2026-10-23,17:37:56,2026-10-23,09:37:56,2461336.902147
2026,21,立冬,225,2026-11-07,17:52:04,2026-11-07,09:52:04,2461351.911962
2026,22,小雪,240,2026-11-22,15:23:20,2026-11-22,07:23:20,2461366.808678
2026,23,大雪,255,2026-12-07,10:52:31,2026-12-07,02:52:31,2461381.620609
2026,24,冬至,270,2026-12-22,04:50:14,2026-12-21,20:50:14,2461396.36902
2027,1,小寒,285,2027-01-05,22:09:57,2027-01-05,14:09:57,2461411.091054
2027,2,大寒,300,2027-01-20,15:29:50,2027-01-20,07:29:50,2461425.813196
2027,3,立春,315,2027-02-04,09:46:18,2027-02-04,01:46:18,2461440.574623
2027,4,雨水,330,2027-02-19,05:33:28,2027-02-18,21:33:28,2461455.399049
2027,5,惊蛰,345,2027-03-06,03:39:31,2027-03-05,19:39:31,2461470.319917
2027,6,春分,0,2027-03-21,04:24:41,2027-03-20,20:24:41,2461485.351279
2027,7,清明,15,2027-04-05,08:17:29,2027-04-05,00:17:29,2461500.512945
2027,8,谷雨,30,2027-04-20,15:17:37,2027-04-20,07:17:37,2461515.804708
2027,9,立夏,45,2027-05-06,01:25:11,2027-05-05,17:25:11,2461531.226626
2027,10,小满,60,2027-05-21,14:18:14,2027-05-21,06:18:14,2461546.763468
2027,11,芒种,75,2027-06-06,05:25:48,2027-06-05,21:25:48,2461562.39372
2027,12,夏至,90,2027-06-21,22:10:50,2027-06-21,14:10:50,2461578.091658
2027,13,小暑,105,2027-07-07,15:37:03,2027-07-07,07:37:03,2461593.818205
2027,14,大暑,120,2027-07-23,09:04:39,2027-07-23,01:04:39,2461609.545704
2027,15,立秋,135,2027-08-08,01:26:46,2027-08-07,17:26:46,2461625.227723
2027,16,处暑,150,2027-08-23,16:14:19,2027-08-23,08:14:19,2461640.844078
2027,17,白露,165,2027-09-08,04:28:26,2027-09-07,20:28:26,2461656.353885
2027,18,秋分,180,2027-09-23,14:01:43,2027-09-23,06:01:43,2461671.751994
2027,19,寒露,195,2027-10-08,20:17:04,2027-10-08,12:17:04,2461687.012658
2027,20,霜降,210,2027-10-23,23:32:52,2027-10-23,15:32:52,2461702.148627
2027,21,立冬,225,2027-11-07,23:38:33,2027-11-07,15:38:33,2461717.15258
2027,22,小雪,240,2027-11-22,21:16:13,2027-11-22,13:16:13,2461732.053735
2027,23,大雪,255,2027-12-07,16:37:40,2027-12-07,08:37:40,2461746.860297
2027,24,冬至,270,2027-12-22,10:42:09,2027-12-22,02:42:09,2461761.613412
2028,1,小寒,285,2028-01-06,03:54:38,2028-01-05,19:54:38,2461776.330416
2028,2,大寒,300,2028-01-20,21:21:55,2028-01-20,13:21:55,2461791.057697
2028,3,立春,315,2028-02-04,15:31:14,2028-02-04,07:31:14,2461805.814159
2028,4,雨水,330,2028-02-19,11:26:01,2028-02-19,03:26:01,2461820.643871
2028,5,惊蛰,345,2028-03-05,09:24:48,2028-03-05,01:24:48,2461835.559691
2028,6,春分,0,2028-03-20,10:17:08,2028-03-20,02:17:08,2461850.596035
2028,7,清明,15,2028-04-04,14:03:05,2028-04-04,06:03:05,2461865.752943
2028,8,谷雨,30,2028-04-19,21:09:28,2028-04-19,13:09:28,2461881.049053
2028,9,立夏,45,2028-05-05,07:12:10,2028-05-04,23:12:10,2461896.467593
2028,10,小满,60,2028-05-20,20:09:48,2028-05-20,12:09:48,2461912.007608
2028,11,芒种,75,2028-06-05,11:15:59,2028-06-05,03:15:59,2461927.636907
2028,12,夏至,90,2028-06-21,04:02:00,2028-06-20,20:02:00,2461943.335526
2028,13,小暑,105,2028-07-06,21:30:18,2028-07-06,13:30:18,2461959.063512
2028,14,大暑,120,2028-07-22,14:53:58,2028-07-22,06:53:58,2461974.788289
2028,15,立秋,135,2028-08-07,07:21:09,2028-08-06,23:21:09,2461990.473832
2028,16,处暑,150,2028-08-22,22:00:55,2028-08-22,14:00:55,2462006.084771
2028,17,白露,165,2028-09-07,10:22:08,2028-09-07,02:22:08,2462021.599509
2028,18,秋分,180,2028-09-22,19:45:18,2028-09-22,11:45:18,2462036.990597
2028,19,寒露,195,2028-10-08,02:08:30,2028-10-07,18:08:30,2462052.256706
2028,20,霜降,210,2028-10-23,05:13:22,2028-10-22,21:13:22,2462067.385089
2028,21,立冬,225,2028-11-07,05:27:15,2028-11-06,21:27:15,2462082.394732
2028,22,小雪,240,2028-11-22,02:54:22,2028-11-21,18:54:22,2462097.288565
2028,23,大雪,255,2028-12-06,22:24:39,2028-12-06,14:24:39,2462112.101263
2028,24,冬至,270,2028-12-21,16:19:39,2028-12-21,08:19:39,2462126.84779
2029,1,小寒,285,2029-01-05,09:41:54,2029-01-05,01:41:54,2462141.571571
2029,2,大寒,300,2029-01-20,03:00:52,2029-01-19,19:00:52,2462156.293079
2029,3,立春,315,2029-02-03,21:20:46,2029-02-03,13:20:46,2462171.05689
2029,4,雨水,330,2029-02-18,17:07:55,2029-02-18,09:07:55,2462185.881306
2029,5,惊蛰,345,2029-03-05,15:17:35,2029-03-05,07:17:35,2462200.804686
2029,6,春分,0,2029-03-20,16:01:58,2029-03-20,08:01:58,2462215.835507
2029,7,清明,15,2029-04-04,19:58:21,2029-04-04,11:58:21,2462230.999661
2029,8,谷雨,30,2029-04-20,02:55:41,2029-04-19,18:55:41,2462246.28948
2029,9,立夏,45,2029-05-05,13:07:44,2029-05-05,05:07:44,2462261.714513
2029,10,小满,60,2029-05-21,01:55:52,2029-05-20,17:55:52,2462277.247931
2029,11,芒种,75,2029-06-05,17:09:58,2029-06-05,09:09:58,2462292.882723
2029,12,夏至,90,2029-06-21,09:48:17,2029-06-21,01:48:17,2462308.576005
2029,13,小暑,105,2029-07-07,03:22:24,2029-07-06,19:22:24,2462324.308024
2029,14,大暑,120,2029-07-22,20:42:05,2029-07-22,12:42:05,2462340.030033
2029,15,立秋,135,2029-08-07,13:11:44,2029-08-07,05:11:44,2462355.717288
2029,16,处暑,150,2029-08-23,03:51:36,2029-08-22,19:51:36,2462371.328308
2029,17,白露,165,2029-09-07,16:11:53,2029-09-07,08:11:53,2462386.842391
2029,18,秋分,180,2029-09-23,01:38:30,2029-09-22,17:38:30,2462402.235873
2029,19,寒露,195,2029-10-08,07:58:07,2029-10-07,23:58:07,2462417.499495
2029,20,霜降,210,2029-10-23,11:08:07,2029-10-23,03:08:07,2462432.631445
2029,21,立冬,225,2029-11-07,11:16:45,2029-11-07,03:16:45,2462447.637436
2029,22,小雪,240,2029-11-22,08:49:23,2029-11-22,00:49:23,2462462.535097
2029,23,大雪,255,2029-12-07,04:13:47,2029-12-06,20:13:47,2462477.343711
2029,24,冬至,270,2029-12-21,22:14:06,2029-12-21,14:14:06,2462492.093929
2030,1,小寒,285,2030-01-05,15:30:34,2030-01-05,07:30:34,2462506.813696
2030,2,大寒,300,2030-01-20,08:54:23,2030-01-20,00:54:23,2462521.538571
2030,3,立春,315,2030-02-04,03:08:28,2030-02-03,19:08:28,2462536.298351
2030,4,雨水,330,2030-02-18,22:59:56,2030-02-18,14:59:56,2462551.125759
2030,5,惊蛰,345,2030-03-05,21:03:18,2030-03-05,13:03:18,2462566.044762
2030,6,春分,0,2030-03-20,21:52:05,2030-03-20,13:52:05,2462581.078645
2030,7,清明,15,2030-04-05,01:41:00,2030-04-04,17:41:00,2462596.23761
2030,8,谷雨,30,2030-04-20,08:43:34,2030-04-20,00:43:34,2462611.531067
2030,9,立夏,45,2030-05-05,18:46:18,2030-05-05,10:46:18,2462626.949622
2030,10,小满,60,2030-05-21,07:41:05,2030-05-20,23:41:05,2462642.487665
2030,11,芒种,75,2030-06-05,22:44:29,2030-06-05,14:44:29,2462658.115037
2030,12,夏至,90,2030-06-21,15:31:18,2030-06-21,07:31:18,2462673.814213
2030,13,小暑,105,2030-07-07,08:55:29,2030-07-07,00:55:29,2462689.539334
2030,14,大暑,120,2030-07-23,02:24:53,2030-07-22,18:24:53,2462705.26809
2030,15,立秋,135,2030-08-07,18:47:19,2030-08-07,10:47:19,2462720.950337
2030,16,处暑,150,2030-08-23,09:36:23,2030-08-23,01:36:23,2462736.567744
2030,17,白露,165,2030-09-07,21:52:50,2030-09-07,13:52:50,2462752.079157
2030,18,秋分,180,2030-09-23,07:26:53,2030-09-22,23:26:53,2462767.477806
2030,19,寒露,195,2030-10-08,13:45:16,2030-10-08,05:45:16,2462782.740574
2030,20,霜降,210,2030-10-23,17:00:33,2030-10-23,09:00:33,2462797.876193
2030,21,立冬,225,2030-11-07,17:08:44,2030-11-07,09:08:44,2462812.881866
2030,22,小雪,240,2030-11-22,14:44:36,2030-11-22,06:44:36,2462827.781775
2030,23,大雪,255,2030-12-07,10:07:37,2030-12-07,02:07:37,2462842.589427
2030,24,冬至,270,2030-12-22,04:09:37,2030-12-21,20:09:37,2462857.340823
2031,1,小寒,285,2031-01-05,21:23:08,2031-01-05,13:23:08,2462872.058534
2031,2,大寒,300,2031-01-20,14:47:58,2031-01-20,06:47:58,2462886.784117
2031,3,立春,315,2031-02-04,08:58:18,2031-02-04,00:58:18,2462901.541289
2031,4,雨水,330,2031-02-19,04:50:55,2031-02-18,20:50:55,2462916.369497
2031,5,惊蛰,345,2031-03-06,02:51:01,2031-03-05,18:51:01,2462931.286237
2031,6,春分,0,2031-03-21,03:40:58,2031-03-20,19:40:58,2462946.320923
2031,7,清明,15,2031-04-05,07:28:22,2031-04-04,23:28:22,2462961.478837
2031,8,谷雨,30,2031-04-20,14:31:14,2031-04-20,06:31:14,2462976.772491
2031,9,立夏,45,2031-05-06,00:35:11,2031-05-05,16:35:11,2462992.191901
2031,10,小满,60,2031-05-21,13:27:55,2031-05-21,05:27:55,2463007.728522
2031,11,芒种,75,2031-06-06,04:35:41,2031-06-05,20:35:41,2463023.358919
2031,12,夏至,90,2031-06-21,21:17:08,2031-06-21,13:17:08,2463039.05437
2031,13,小暑,105,2031-07-07,14:48:51,2031-07-07,06:48:51,2463054.784729
2031,14,大暑,120,2031-07-23,08:10:28,2031-07-23,00:10:28,2463070.508076
2031,15,立秋,135,2031-08-08,00:42:56,2031-08-07,16:42:56,2463086.197287
2031,16,处暑,150,2031-08-23,15:23:19,2031-08-23,07:23:19,2463101.808661
2031,17,白露,165,2031-09-08,03:50:09,2031-09-07,19:50:09,2463117.327297
2031,18,秋分,180,2031-09-23,13:15:18,2031-09-23,05:15:18,2463132.719762
2031,19,寒露,195,2031-10-08,19:42:57,2031-10-08,11:42:57,2463147.98897
2031,20,霜降,210,2031-10-23,22:49:27,2031-10-23,14:49:27,2463163.118481
2031,21,立冬,225,2031-11-07,23:05:40,2031-11-07,15:05:40,2463178.129742
2031,22,小雪,240,2031-11-22,20:32:37,2031-11-22,12:32:37,2463193.02346
2031,23,大雪,255,2031-12-07,16:02:53,2031-12-07,08:02:53,2463207.836147
2031,24,冬至,270,2031-12-22,09:55:33,2031-12-22,01:55:33,2463222.581052
2032,1,小寒,285,2032-01-06,03:16:06,2032-01-05,19:16:06,2463237.303649
2032,2,大寒,300,2032-01-20,20:31:17,2032-01-20,12:31:17,2463252.022534
2032,3,立春,315,2032-02-04,14:48:57,2032-02-04,06:48:57,2463266.784796
2032,4,雨水,330,2032-02-19,10:32:13,2032-02-19,02:32:13,2463281.606508
2032,5,惊蛰,345,2032-03-05,08:40:13,2032-03-05,00:40:13,2463296.528734
2032,6,春分,0,2032-03-20,09:21:53,2032-03-20,01:21:53,2463311.557674
2032,7,清明,15,2032-04-04,13:17:36,2032-04-04,05:17:36,2463326.72136
2032,8,谷雨,30,2032-04-19,20:14:08,2032-04-19,12:14:08,2463342.010622
2032,9,立夏,45,2032-05-05,06:25:52,2032-05-04,22:25:52,2463357.435434
2032,10,小满,60,2032-05-20,19:14:59,2032-05-20,11:14:59,2463372.969549
2032,11,芒种,75,2032-06-05,10:27:59,2032-06-05,02:27:59,2463388.603575
2032,12,夏至,90,2032-06-21,03:08:46,2032-06-20,19:08:46,2463404.298558
2032,13,小暑,105,2032-07-06,20:40:54,2032-07-06,12:40:54,2463420.029215
2032,14,大暑,120,2032-07-22,14:04:45,2032-07-22,06:04:45,2463435.754102
2032,15,立秋,135,2032-08-07,06:32:43,2032-08-06,22:32:43,2463451.440191
2032,16,处暑,150,2032-08-22,21:18:20,2032-08-22,13:18:20,2463467.055205
2032,17,白露,165,2032-09-07,09:37:54,2032-09-07,01:37:54,2463482.568789
2032,18,秋分,180,2032-09-22,19:10:53,2032-09-22,11:10:53,2463497.966695
2032,19,寒露,195,2032-10-08,01:30:23,2032-10-07,17:30:23,2463513.230242
2032,20,霜降,210,2032-10-23,04:46:14,2032-10-22,20:46:14,2463528.366241
2032,21,立冬,225,2032-11-07,04:54:16,2032-11-06,20:54:16,2463543.371823
2032,22,小雪,240,2032-11-22,02:31:11,2032-11-21,18:31:11,2463558.272466
2032,23,大雪,255,2032-12-06,21:53:20,2032-12-06,13:53:20,2463573.079505
2032,24,冬至,270,2032-12-21,15:55:56,2032-12-21,07:55:56,2463587.831321
2033,1,小寒,285,2033-01-05,09:08:07,2033-01-05,01:08:07,2463602.548105
2033,2,大寒,300,2033-01-20,02:32:47,2033-01-19,18:32:47,2463617.273574
2033,3,立春,315,2033-02-03,20:41:35,2033-02-03,12:41:35,2463632.029688
2033,4,雨水,330,2033-02-18,16:33:49,2033-02-18,08:33:49,2463646.857619
2033,5,惊蛰,345,2033-03-05,14:32:20,2033-03-05,06:32:20,2463661.773264
2033,6,春分,0,2033-03-20,15:22:43,2033-03-20,07:22:43,2463676.808253
2033,7,清明,15,2033-04-04,19:08:07,2033-04-04,11:08:07,2463691.964781
2033,8,谷雨,30,2033-04-20,02:13:07,2033-04-19,18:13:07,2463707.259919
2033,9,立夏,45,2033-05-05,12:13:46,2033-05-05,04:13:46,2463722.677034
2033,10,小满,60,2033-05-21,01:10:58,2033-05-20,17:10:58,2463738.216761
2033,11,芒种,75,2033-06-05,16:13:26,2033-06-05,08:13:26,2463753.843472
2033,12,夏至,90,2033-06-21,09:01:08,2033-06-21,01:01:08,2463769.543262
2033,13,小暑,105,2033-07-07,02:24:57,2033-07-06,18:24:57,2463785.268136
2033,14,大暑,120,2033-07-22,19:52:49,2033-07-22,11:52:49,2463800.995817
2033,15,立秋,135,2033-08-07,12:15:45,2033-08-07,04:15:45,2463816.678409
2033,16,处暑,150,2033-08-23,03:01:51,2033-08-22,19:01:51,2463832.293753
2033,17,白露,165,2033-09-07,15:20:21,2033-09-07,07:20:21,2463847.80661
2033,18,秋分,180,2033-09-23,00:51:40,2033-09-22,16:51:40,2463863.203359
2033,19,寒露,195,2033-10-08,07:13:56,2033-10-07,23:13:56,2463878.468819
2033,20,霜降,210,2033-10-23,10:27:37,2033-10-23,02:27:37,2463893.603317
2033,21,立冬,225,2033-11-07,10:41:05,2033-11-07,02:41:05,2463908.612668
2033,22,小雪,240,2033-11-22,08:16:10,2033-11-22,00:16:10,2463923.512037
2033,23,大雪,255,2033-12-07,03:44:56,2033-12-06,19:44:56,2463938.323675
2033,24,冬至,270,2033-12-21,21:46:00,2033-12-21,13:46:00,2463953.074417
2034,1,小寒,285,2034-01-05,15:04:31,2034-01-05,07:04:31,2463967.795612
2034,2,大寒,300,2034-01-20,08:27:18,2034-01-20,00:27:18,2463982.519759
2034,3,立春,315,2034-02-04,02:41:10,2034-02-03,18:41:10,2463997.279393
2034,4,雨水,330,2034-02-18,22:30:12,2034-02-18,14:30:12,2464012.105109
2034,5,惊蛰,345,2034-03-05,20:32:24,2034-03-05,12:32:24,2464027.023303
2034,6,春分,0,2034-03-20,21:17:30,2034-03-20,13:17:30,2464042.054625
2034,7,清明,15,2034-04-05,01:06:15,2034-04-04,17:06:15,2464057.213476
2034,8,谷雨,30,2034-04-20,08:03:44,2034-04-20,00:03:44,2464072.503396
2034,9,立夏,45,2034-05-05,18:09:09,2034-05-05,10:09:09,2464087.923833
2034,10,小满,60,2034-05-21,06:56:54,2034-05-20,22:56:54,2464103.456985
2034,11,芒种,75,2034-06-05,22:06:41,2034-06-05,14:06:41,2464119.088778
2034,12,夏至,90,2034-06-21,14:44:12,2034-06-21,06:44:12,2464134.781499
2034,13,小暑,105,2034-07-07,08:17:38,2034-07-07,00:17:38,2464150.513055
2034,14,大暑,120,2034-07-23,01:36:21,2034-07-22,17:36:21,2464166.234388
2034,15,立秋,135,2034-08-07,18:09:06,2034-08-07,10:09:06,2464181.923798
2034,16,处暑,150,2034-08-23,08:47:46,2034-08-23,00:47:46,2464197.533981
2034,17,白露,165,2034-09-07,21:14:00,2034-09-07,13:14:00,2464213.052194
2034,18,秋分,180,2034-09-23,06:39:35,2034-09-22,22:39:35,2464228.444956
2034,19,寒露,195,2034-10-08,13:07:07,2034-10-08,05:07:07,2464243.714085
2034,20,霜降,210,2034-10-23,16:16:27,2034-10-23,08:16:27,2464258.845567
2034,21,立冬,225,2034-11-07,16:33:40,2034-11-07,08:33:40,2464273.857525
2034,22,小雪,240,2034-11-22,14:04:58,2034-11-22,06:04:58,2464288.754256
2034,23,大雪,255,2034-12-07,09:36:50,2034-12-07,01:36:50,2464303.568049
2034,24,冬至,270,2034-12-22,03:34:00,2034-12-21,19:34:00,2464318.316088
2035,1,小寒,285,2035-01-05,20:55:43,2035-01-05,12:55:43,2464333.039501
2035,2,大寒,300,2035-01-20,14:14:16,2035-01-20,06:14:16,2464347.760716
2035,3,立春,315,2035-02-04,08:31:34,2035-02-04,00:31:34,2464362.52273
2035,4,雨水,330,2035-02-19,04:16:10,2035-02-18,20:16:10,2464377.345369
2035,5,惊蛰,345,2035-03-06,02:21:39,2035-03-05,18:21:39,2464392.265837
2035,6,春分,0,2035-03-21,03:02:44,2035-03-20,19:02:44,2464407.294373
2035,7,清明,15,2035-04-05,06:53:52,2035-04-04,22:53:52,2464422.454879
2035,8,谷雨,30,2035-04-20,13:49:00,2035-04-20,05:49:00,2464437.743169
2035,9,立夏,45,2035-05-05,23:54:57,2035-05-05,15:54:57,2464453.163966
2035,10,小满,60,2035-05-21,12:43:28,2035-05-21,04:43:28,2464468.697654
2035,11,芒种,75,2035-06-06,03:50:50,2035-06-05,19:50:50,2464484.327778
2035,12,夏至,90,2035-06-21,20:33:08,2035-06-21,12:33:08,2464500.023818
2035,13,小暑,105,2035-07-07,14:01:10,2035-07-07,06:01:10,2464515.751617
2035,14,大暑,120,2035-07-23,07:28:42,2035-07-22,23:28:42,2464531.479067
2035,15,立秋,135,2035-08-07,23:54:22,2035-08-07,15:54:22,2464547.163558
2035,16,处暑,150,2035-08-23,14:44:11,2035-08-23,06:44:11,2464562.781484
2035,17,白露,165,2035-09-08,03:02:30,2035-09-07,19:02:30,2464578.294214
2035,18,秋分,180,2035-09-23,12:38:56,2035-09-23,04:38:56,2464593.694515
2035,19,寒露,195,2035-10-08,18:57:41,2035-10-08,10:57:41,2464608.957531
2035,20,霜降,210,2035-10-23,22:16:10,2035-10-23,14:16:10,2464624.095368
2035,21,立冬,225,2035-11-07,22:23:51,2035-11-07,14:23:51,2464639.100701
2035,22,小雪,240,2035-11-22,20:03:13,2035-11-22,12:03:13,2464654.003042
2035,23,大雪,255,2035-12-07,15:25:31,2035-12-07,07:25:31,2464668.810194
2035,24,冬至,270,2035-12-22,09:30:53,2035-12-22,01:30:53,2464683.563919
2036,1,小寒,285,2036-01-06,02:43:31,2036-01-05,18:43:31,2464698.281024
2036,2,大寒,300,2036-01-20,20:11:03,2036-01-20,12:11:03,2464713.008479
2036,3,立春,315,2036-02-04,14:19:56,2036-02-04,06:19:56,2464727.764648
2036,4,雨水,330,2036-02-19,10:14:18,2036-02-19,02:14:18,2464742.594068
2036,5,惊蛰,345,2036-03-05,08:11:50,2036-03-05,00:11:50,2464757.509023
2036,6,春分,0,2036-03-20,09:02:51,2036-03-20,01:02:51,2464772.544448
2036,7,清明,15,2036-04-04,12:46:17,2036-04-04,04:46:17,2464787.69961
2036,8,谷雨,30,2036-04-19,19:50:30,2036-04-19,11:50:30,2464802.99421
2036,9,立夏,45,2036-05-05,05:49:24,2036-05-04,21:49:24,2464818.410112
2036,10,小满,60,2036-05-20,18:44:53,2036-05-20,10:44:53,2464833.948647
2036,11,芒种,75,2036-06-05,09:47:01,2036-06-05,01:47:01,2464849.57512
2036,12,夏至,90,2036-06-21,02:32:14,2036-06-20,18:32:14,2464865.273195
2036,13,小暑,105,2036-07-06,19:57:33,2036-07-06,11:57:33,2464880.999107
2036,14,大暑,120,2036-07-22,13:22:41,2036-07-22,05:22:41,2464896.724897
2036,15,立秋,135,2036-08-07,05:48:56,2036-08-06,21:48:56,2464912.409786
2036,16,处暑,150,2036-08-22,20:32:25,2036-08-22,12:32:25,2464928.023317
2036,17,白露,165,2036-09-07,08:54:59,2036-09-07,00:54:59,2464943.538991
2036,18,秋分,180,2036-09-22,18:23:20,2036-09-22,10:23:20,2464958.933675
2036,19,寒露,195,2036-10-08,00:48:58,2036-10-07,16:48:58,2464974.201483
2036,20,霜降,210,2036-10-23,03:58:51,2036-10-22,19:58:51,2464989.333338
2036,21,立冬,225,2036-11-07,04:14:40,2036-11-06,20:14:40,2465004.34432
2036,22,小雪,240,2036-11-22,01:45:19,2036-11-21,17:45:19,2465019.240606
2036,23,大雪,255,2036-12-06,21:16:02,2036-12-06,13:16:02,2465034.053612
2036,24,冬至,270,2036-12-21,15:12:53,2036-12-21,07:12:53,2465048.801424
2037,1,小寒,285,2037-01-05,08:34:04,2037-01-05,00:34:04,2465063.524465
2037,2,大寒,300,2037-01-20,01:53:45,2037-01-19,17:53:45,2465078.246467
2037,3,立春,315,2037-02-03,20:11:38,2037-02-03,12:11:38,2465093.008886
2037,4,雨水,330,2037-02-18,15:58:56,2037-02-18,07:58:56,2465107.833394
2037,5,惊蛰,345,2037-03-05,14:06:12,2037-03-05,06:06:12,2465122.755108
2037,6,春分,0,2037-03-20,14:50:16,2037-03-20,06:50:16,2465137.785719
2037,7,清明,15,2037-04-04,18:44:03,2037-04-04,10:44:03,2465152.948059
2037,8,谷雨,30,2037-04-20,01:40:20,2037-04-19,17:40:20,2465168.237149
2037,9,立夏,45,2037-05-05,11:49:29,2037-05-05,03:49:29,2465183.66017
2037,10,小满,60,2037-05-21,00:35:29,2037-05-20,16:35:29,2465199.192118
2037,11,芒种,75,2037-06-05,15:46:52,2037-06-05,07:46:52,2465214.82502
2037,12,夏至,90,2037-06-21,08:22:27,2037-06-21,00:22:27,2465230.516402
2037,13,小暑,105,2037-07-07,01:55:10,2037-07-06,17:55:10,2465246.247448
2037,14,大暑,120,2037-07-22,19:12:37,2037-07-22,11:12:37,2465261.967902
2037,15,立秋,135,2037-08-07,11:43:04,2037-08-07,03:43:04,2465277.655712
2037,16,处暑,150,2037-08-23,02:22:02,2037-08-22,18:22:02,2465293.266111
2037,17,白露,165,2037-09-07,14:45:36,2037-09-07,06:45:36,2465308.782468
2037,18,秋分,180,2037-09-23,00:13:06,2037-09-22,16:13:06,2465324.176572
2037,19,寒露,195,2037-10-08,06:37:51,2037-10-07,22:37:51,2465339.443759
2037,20,霜降,210,2037-10-23,09:49:54,2037-10-23,01:49:54,2465354.57712
2037,21,立冬,225,2037-11-07,10:04:06,2037-11-07,02:04:06,2465369.586983
2037,22,小雪,240,2037-11-22,07:38:24,2037-11-21,23:38:24,2465384.48581
2037,23,大雪,255,2037-12-07,03:07:19,2037-12-06,19:07:19,2465399.297551
2037,24,冬至,270,2037-12-21,21:07:45,2037-12-21,13:07:45,2465414.04786
2038,1,小寒,285,2038-01-05,14:26:49,2038-01-05,06:26:49,2465428.769432
2038,2,大寒,300,2038-01-20,07:48:53,2038-01-19,23:48:53,2465443.493082
2038,3,立春,315,2038-02-04,02:03:49,2038-02-03,18:03:49,2465458.253457
2038,4,雨水,330,2038-02-18,21:52:09,2038-02-18,13:52:09,2465473.078689
2038,5,惊蛰,345,2038-03-05,19:55:31,2038-03-05,11:55:31,2465487.997691
2038,6,春分,0,2038-03-20,20:40:39,2038-03-20,12:40:39,2465503.029035
2038,7,清明,15,2038-04-05,00:29:29,2038-04-04,16:29:29,2465518.187948
2038,8,谷雨,30,2038-04-20,07:28:33,2038-04-19,23:28:33,2465533.478966
2038,9,立夏,45,2038-05-05,17:31:13,2038-05-05,09:31:13,2465548.897489
2038,10,小满,60,2038-05-21,06:22:43,2038-05-20,22:22:43,2465564.43325
2038,11,芒种,75,2038-06-05,21:25:40,2038-06-05,13:25:40,2465580.060294
2038,12,夏至,90,2038-06-21,14:09:25,2038-06-21,06:09:25,2465595.757344
2038,13,小暑,105,2038-07-07,07:32:33,2038-07-06,23:32:33,2465611.481743
2038,14,大暑,120,2038-07-23,00:59:56,2038-07-22,16:59:56,2465627.209089
2038,15,立秋,135,2038-08-07,17:21:20,2038-08-07,09:21:20,2465642.890623
2038,16,处暑,150,2038-08-23,08:10:10,2038-08-23,00:10:10,2465658.50787
2038,17,白露,165,2038-09-07,20:26:19,2038-09-07,12:26:19,2465674.019081
2038,18,秋分,180,2038-09-23,06:02:18,2038-09-22,22:02:18,2465689.419069
2038,19,寒露,195,2038-10-08,12:21:36,2038-10-08,04:21:36,2465704.682478
2038,20,霜降,210,2038-10-23,15:40:43,2038-10-23,07:40:43,2465719.820747
2038,21,立冬,225,2038-11-07,15:50:53,2038-11-07,07:50:53,2465734.827806
2038,22,小雪,240,2038-11-22,13:31:21,2038-11-22,05:31:21,2465749.730905
2038,23,大雪,255,2038-12-07,08:56:24,2038-12-07,00:56:24,2465764.539975
2038,24,冬至,270,2038-12-22,03:02:21,2038-12-21,19:02:21,2465779.294104
2039,1,小寒,285,2039-01-05,20:16:41,2039-01-05,12:16:41,2465794.012391
2039,2,大寒,300,2039-01-20,13:43:42,2039-01-20,05:43:42,2465808.739485
2039,3,立春,315,2039-02-04,07:52:56,2039-02-03,23:52:56,2465823.495899
2039,4,雨水,330,2039-02-19,03:45:46,2039-02-18,19:45:46,2465838.324258
2039,5,惊蛰,345,2039-03-06,01:43:04,2039-03-05,17:43:04,2465853.239048
2039,6,春分,0,2039-03-21,02:32:04,2039-03-20,18:32:04,2465868.27307
2039,7,清明,15,2039-04-05,06:15:49,2039-04-04,22:15:49,2465883.428456
2039,8,谷雨,30,2039-04-20,13:17:49,2039-04-20,05:17:49,2465898.721509
2039,9,立夏,45,2039-05-05,23:18:10,2039-05-05,15:18:10,2465914.138425
2039,10,小满,60,2039-05-21,12:10:55,2039-05-21,04:10:55,2465929.67505
2039,11,芒种,75,2039-06-06,03:15:31,2039-06-05,19:15:31,2465945.303243
2039,12,夏至,90,2039-06-21,19:57:27,2039-06-21,11:57:27,2465960.999033
2039,13,小暑,105,2039-07-07,13:26:10,2039-07-07,05:26:10,2465976.727316
2039,14,大暑,120,2039-07-23,06:48:12,2039-07-22,22:48:12,2465992.450941
2039,15,立秋,135,2039-08-07,23:18:08,2039-08-07,15:18:08,2466008.138394
2039,16,处暑,150,2039-08-23,13:58:41,2039-08-23,05:58:41,2466023.749898
2039,17,白露,165,2039-09-08,02:24:05,2039-09-07,18:24:05,2466039.267527
2039,18,秋分,180,2039-09-23,11:49:38,2039-09-23,03:49:38,2466054.660277
2039,19,寒露,195,2039-10-08,18:17:19,2039-10-08,10:17:19,2466069.929504
2039,20,霜降,210,2039-10-23,21:25:05,2039-10-23,13:25:05,2466085.059898
2039,21,立冬,225,2039-11-07,21:42:56,2039-11-07,13:42:56,2466100.072287
2039,22,小雪,240,2039-11-22,19:12:13,2039-11-22,11:12:13,2466114.967624
2039,23,大雪,255,2039-12-07,14:45:07,2039-12-07,06:45:07,2466129.78214
2039,24,冬至,270,2039-12-22,08:40:37,2039-12-22,00:40:37,2466144.529014
2040,1,小寒,285,2040-01-06,02:03:38,2040-01-05,18:03:38,2466159.253326
2040,2,大寒,300,2040-01-20,19:21:04,2040-01-20,11:21:04,2466173.973774
2040,3,立春,315,2040-02-04,13:39:55,2040-02-04,05:39:55,2466188.736855
2040,4,雨水,330,2040-02-19,09:23:51,2040-02-19,01:23:51,2466203.559032
2040,5,惊蛰,345,2040-03-05,07:31:15,2040-03-04,23:31:15,2466218.480847
2040,6,春分,0,2040-03-20,08:11:43,2040-03-20,00:11:43,2466233.508946
2040,7,清明,15,2040-04-04,12:05:33,2040-04-04,04:05:33,2466248.671324
2040,8,谷雨,30,2040-04-19,18:59:35,2040-04-19,10:59:35,2466263.958854
2040,9,立夏,45,2040-05-05,05:09:23,2040-05-04,21:09:23,2466279.382323
2040,10,小满,60,2040-05-20,17:55:45,2040-05-20,09:55:45,2466294.914526
2040,11,芒种,75,2040-06-05,09:08:04,2040-06-05,01:08:04,2466310.548072
2040,12,夏至,90,2040-06-21,01:46:25,2040-06-20,17:46:25,2466326.241376
2040,13,小暑,105,2040-07-06,19:19:16,2040-07-06,11:19:16,2466341.972522
2040,14,大暑,120,2040-07-22,12:40:52,2040-07-22,04:40:52,2466357.695847
2040,15,立秋,135,2040-08-07,05:10:05,2040-08-06,21:10:05,2466373.382809
2040,16,处暑,150,2040-08-22,19:53:22,2040-08-22,11:53:22,2466388.996194
2040,17,白露,165,2040-09-07,08:14:08,2040-09-07,00:14:08,2466404.510626
2040,18,秋分,180,2040-09-22,17:44:57,2040-09-22,09:44:57,2466419.907022
2040,19,寒露,195,2040-10-08,00:05:33,2040-10-07,16:05:33,2466435.171332
2040,20,霜降,210,2040-10-23,03:19:46,2040-10-22,19:19:46,2466450.306205
2040,21,立冬,225,2040-11-07,03:29:20,2040-11-06,19:29:20,2466465.312838
2040,22,小雪,240,2040-11-22,01:05:32,2040-11-21,17:05:32,2466480.212987
2040,23,大雪,255,2040-12-06,20:30:04,2040-12-06,12:30:04,2466495.021692
2040,24,冬至,270,2040-12-21,14:32:53,2040-12-21,06:32:53,2466509.773637
2041,1,小寒,285,2041-01-05,07:48:09,2041-01-04,23:48:09,2466524.49258
2041,2,大寒,300,2041-01-20,01:13:20,2041-01-19,17:13:20,2466539.2184
2041,3,立春,315,2041-02-03,19:25:11,2041-02-03,11:25:11,2466553.976629
2041,4,雨水,330,2041-02-18,15:17:19,2041-02-18,07:17:19,2466568.804495
2041,5,惊蛰,345,2041-03-05,13:17:52,2041-03-05,05:17:52,2466583.721552
2041,6,春分,0,2041-03-20,14:06:51,2041-03-20,06:06:51,2466598.755558
2041,7,清明,15,2041-04-04,17:52:38,2041-04-04,09:52:38,2466613.912352
2041,8,谷雨,30,2041-04-20,00:54:58,2041-04-19,16:54:58,2466629.20564
2041,9,立夏,45,2041-05-05,10:54:32,2041-05-05,02:54:32,2466644.622011
2041,10,小满,60,2041-05-20,23:48:53,2041-05-20,15:48:53,2466660.15975
2041,11,芒种,75,2041-06-05,14:49:48,2041-06-05,06:49:48,2466675.785391
2041,12,夏至,90,2041-06-21,07:35:54,2041-06-20,23:35:54,2466691.484072
2041,13,小暑,105,2041-07-07,00:58:32,2041-07-06,16:58:32,2466707.208127
2041,14,大暑,120,2041-07-22,18:26:43,2041-07-22,10:26:43,2466722.936027
2041,15,立秋,135,2041-08-07,10:48:44,2041-08-07,02:48:44,2466738.617984
2041,16,处暑,150,2041-08-23,01:36:18,2041-08-22,17:36:18,2466754.234352
2041,17,白露,165,2041-09-07,13:53:37,2041-09-07,05:53:37,2466769.74637
2041,18,秋分,180,2041-09-22,23:26:36,2041-09-22,15:26:36,2466785.144277
2041,19,寒露,195,2041-10-08,05:47:01,2041-10-07,21:47:01,2466800.408452
2041,20,霜降,210,2041-10-23,09:02:00,2041-10-23,01:02:00,2466815.543862
2041,21,立冬,225,2041-11-07,09:13:09,2041-11-07,01:13:09,2466830.551603
2041,22,小雪,240,2041-11-22,06:49:21,2041-11-21,22:49:21,2466845.451739
2041,23,大雪,255,2041-12-07,02:15:50,2041-12-06,18:15:50,2466860.261803
2041,24,冬至,270,2041-12-21,20:18:22,2041-12-21,12:18:22,2466875.013566
2042,1,小寒,285,2042-01-05,13:35:11,2042-01-05,05:35:11,2466889.733571
2042,2,大寒,300,2042-01-20,07:00:06,2042-01-19,23:00:06,2466904.459215
2042,3,立春,315,2042-02-04,01:12:54,2042-02-03,17:12:54,2466919.218094
2042,4,雨水,330,2042-02-18,21:04:32,2042-02-18,13:04:32,2466934.045621
2042,5,惊蛰,345,2042-03-05,19:05:50,2042-03-05,11:05:50,2466948.963191
2042,6,春分,0,2042-03-20,19:53:21,2042-03-20,11:53:21,2466963.996191
2042,7,清明,15,2042-04-04,23:40:41,2042-04-04,15:40:41,2466979.154059
2042,8,谷雨,30,2042-04-20,06:39:49,2042-04-19,22:39:49,2466994.445121
2042,9,立夏,45,2042-05-05,16:42:53,2042-05-05,08:42:53,2467009.86392
2042,10,小满,60,2042-05-21,05:31:18,2042-05-20,21:31:18,2467025.397537
2042,11,芒种,75,2042-06-05,20:38:16,2042-06-05,12:38:16,2467041.027378
2042,12,夏至,90,2042-06-21,13:15:53,2042-06-21,05:15:53,2467056.720171
2042,13,小暑,105,2042-07-07,06:47:20,2042-07-06,22:47:20,2467072.450339
2042,14,大暑,120,2042-07-23,00:06:23,2042-07-22,16:06:23,2467088.171906
2042,15,立秋,135,2042-08-07,16:38:51,2042-08-07,08:38:51,2467103.86112
2042,16,处暑,150,2042-08-23,07:18:11,2042-08-22,23:18:11,2467119.471764
2042,17,白露,165,2042-09-07,19:45:31,2042-09-07,11:45:31,2467134.990743
2042,18,秋分,180,2042-09-23,05:11:36,2042-09-22,21:11:36,2467150.383865
2042,19,寒露,195,2042-10-08,11:40:37,2042-10-08,03:40:37,2467165.65401
2042,20,霜降,210,2042-10-23,14:49:37,2042-10-23,06:49:37,2467180.785259
2042,21,立冬,225,2042-11-07,15:07:42,2042-11-07,07:07:42,2467195.797816
2042,22,小雪,240,2042-11-22,12:37:26,2042-11-22,04:37:26,2467210.693464
2042,23,大雪,255,2042-12-07,08:09:17,2042-12-07,00:09:17,2467225.507249
2042,24,冬至,270,2042-12-22,02:04:07,2042-12-21,18:04:07,2467240.253664
2043,1,小寒,285,2043-01-05,19:25:24,2043-01-05,11:25:24,2467254.97678
2043,2,大寒,300,2043-01-20,12:41:38,2043-01-20,04:41:38,2467269.696391
2043,3,立春,315,2043-02-04,06:58:49,2043-02-03,22:58:49,2467284.458323
2043,4,雨水,330,2043-02-19,02:41:43,2043-02-18,18:41:43,2467299.279782
2043,5,惊蛰,345,2043-03-06,00:47:50,2043-03-05,16:47:50,2467314.200692
2043,6,春分,0,2043-03-21,01:27:51,2043-03-20,17:27:51,2467329.228475
2043,7,清明,15,2043-04-05,05:20:19,2043-04-04,21:20:19,2467344.389918
2043,8,谷雨,30,2043-04-20,12:14:30,2043-04-20,04:14:30,2467359.677538
2043,9,立夏,45,2043-05-05,22:22:07,2043-05-05,14:22:07,2467375.099502
2043,10,小满,60,2043-05-21,11:09:12,2043-05-21,03:09:12,2467390.632194
2043,11,芒种,75,2043-06-06,02:18:13,2043-06-05,18:18:13,2467406.263453
2043,12,夏至,90,2043-06-21,18:58:26,2043-06-21,10:58:26,2467421.958048
2043,13,小暑,105,2043-07-07,12:27:54,2043-07-07,04:27:54,2467437.686848
2043,14,大暑,120,2043-07-23,05:53:31,2043-07-22,21:53:31,2467453.412969
2043,15,立秋,135,2043-08-07,22:20:50,2043-08-07,14:20:50,2467469.098602
2043,16,处暑,150,2043-08-23,13:09:51,2043-08-23,05:09:51,2467484.71598
2043,17,白露,165,2043-09-08,01:30:15,2043-09-07,17:30:15,2467500.230141
2043,18,秋分,180,2043-09-23,11:07:00,2043-09-23,03:07:00,2467515.630666
2043,19,寒露,195,2043-10-08,17:27:47,2043-10-08,09:27:47,2467530.895101
2043,20,霜降,210,2043-10-23,20:46:52,2043-10-23,12:46:52,2467546.033354
2043,21,立冬,225,2043-11-07,20:55:54,2043-11-07,12:55:54,2467561.039621
2043,22,小雪,240,2043-11-22,18:35:07,2043-11-22,10:35:07,2467575.941861
2043,23,大雪,255,2043-12-07,13:57:26,2043-12-07,05:57:26,2467590.749025
2043,24,冬至,270,2043-12-22,08:01:18,2043-12-22,00:01:18,2467605.501709
2044,1,小寒,285,2044-01-06,01:12:35,2044-01-05,17:12:35,2467620.217875
2044,2,大寒,300,2044-01-20,18:37:30,2044-01-20,10:37:30,2467634.943511
2044,3,立春,315,2044-02-04,12:44:21,2044-02-04,04:44:21,2467649.698274
2044,4,雨水,330,2044-02-19,08:35:52,2044-02-19,00:35:52,2467664.525718
2044,5,惊蛰,345,2044-03-05,06:31:39,2044-03-04,22:31:39,2467679.439453
2044,6,春分,0,2044-03-20,07:20:37,2044-03-19,23:20:37,2467694.473459
2044,7,清明,15,2044-04-04,11:03:08,2044-04-04,03:03:08,2467709.627982
2044,8,谷雨,30,2044-04-19,18:06:47,2044-04-19,10:06:47,2467724.922183
2044,9,立夏,45,2044-05-05,04:05:32,2044-05-04,20:05:32,2467740.337977
2044,10,小满,60,2044-05-20,17:01:57,2044-05-20,09:01:57,2467755.877155
2044,11,芒种,75,2044-06-05,08:04:04,2044-06-05,00:04:04,2467771.503629
2044,12,夏至,90,2044-06-21,00:51:12,2044-06-20,16:51:12,2467787.20303
2044,13,小暑,105,2044-07-06,18:15:59,2044-07-06,10:15:59,2467802.928573
2044,14,大暑,120,2044-07-22,11:43:26,2044-07-22,03:43:26,2467818.655967
2044,15,立秋,135,2044-08-07,04:08:40,2044-08-06,20:08:40,2467834.340163
2044,16,处暑,150,2044-08-22,18:54:44,2044-08-22,10:54:44,2467849.955488
2044,17,白露,165,2044-09-07,07:16:35,2044-09-06,23:16:35,2467865.470653
2044,18,秋分,180,2044-09-22,16:47:56,2044-09-22,08:47:56,2467880.867429
2044,19,寒露,195,2044-10-07,23:13:21,2044-10-07,15:13:21,2467896.135082
2044,20,霜降,210,2044-10-23,02:26:22,2044-10-22,18:26:22,2467911.269118
2044,21,立冬,225,2044-11-07,02:42:03,2044-11-06,18:42:03,2467926.280004
2044,22,小雪,240,2044-11-22,00:15:22,2044-11-21,16:15:22,2467941.178149
2044,23,大雪,255,2044-12-06,19:45:16,2044-12-06,11:45:16,2467955.990572
2044,24,冬至,270,2044-12-21,13:43:40,2044-12-21,05:43:40,2467970.739462
2045,1,小寒,285,2045-01-05,07:02:35,2045-01-04,23:02:35,2467985.460933
2045,2,大寒,300,2045-01-20,00:22:17,2045-01-19,16:22:17,2468000.182948
2045,3,立春,315,2045-02-03,18:36:22,2045-02-03,10:36:22,2468014.942723
2045,4,雨水,330,2045-02-18,14:22:26,2045-02-18,06:22:26,2468029.766387
2045,5,惊蛰,345,2045-03-05,12:25:06,2045-03-05,04:25:06,2468044.684906
2045,6,春分,0,2045-03-20,13:07:42,2045-03-20,05:07:42,2468059.714487
2045,7,清明,15,2045-04-04,16:57:21,2045-04-04,08:57:21,2468074.873969
2045,8,谷雨,30,2045-04-19,23:52:56,2045-04-19,15:52:56,2468090.162568
2045,9,立夏,45,2045-05-05,09:59:35,2045-05-05,01:59:35,2468105.583852
2045,10,小满,60,2045-05-20,22:46:04,2045-05-20,14:46:04,2468121.116132
2045,11,芒种,75,2045-06-05,13:57:06,2045-06-05,05:57:06,2468136.748788
2045,12,夏至,90,2045-06-21,06:33:59,2045-06-20,22:33:59,2468152.441076
2045,13,小暑,105,2045-07-07,00:08:10,2045-07-06,16:08:10,2468168.173149
2045,14,大暑,120,2045-07-22,17:26:53,2045-07-22,09:26:53,2468183.894481
2045,15,立秋,135,2045-08-07,09:59:46,2045-08-07,01:59:46,2468199.583977
2045,16,处暑,150,2045-08-23,00:39:15,2045-08-22,16:39:15,2468215.19473
2045,17,白露,165,2045-09-07,13:05:33,2045-09-07,05:05:33,2468230.712995
2045,18,秋分,180,2045-09-22,22:33:01,2045-09-22,14:33:01,2468246.107063
2045,19,寒露,195,2045-10-08,05:00:44,2045-10-07,21:00:44,2468261.37632
2045,20,霜降,210,2045-10-23,08:12:36,2045-10-23,00:12:36,2468276.50956
2045,21,立冬,225,2045-11-07,08:29:56,2045-11-07,00:29:56,2468291.521595
2045,22,小雪,240,2045-11-22,06:03:56,2045-11-21,22:03:56,2468306.420204
2045,23,大雪,255,2045-12-07,01:35:39,2045-12-06,17:35:39,2468321.233901
2045,24,冬至,270,2045-12-21,19:35:12,2045-12-21,11:35:12,2468335.983585
2046,1,小寒,285,2046-01-05,12:56:05,2046-01-05,04:56:05,2468350.706419
2046,2,大寒,300,2046-01-20,06:15:59,2046-01-19,22:15:59,2468365.428567
2046,3,立春,315,2046-02-04,00:31:10,2046-02-03,16:31:10,2468380.189119
2046,4,雨水,330,2046-02-18,20:15:43,2046-02-18,12:15:43,2468395.011719
2046,5,惊蛰,345,2046-03-05,18:17:52,2046-03-05,10:17:52,2468409.929876
2046,6,春分,0,2046-03-20,18:57:57,2046-03-20,10:57:57,2468424.957717
2046,7,清明,15,2046-04-04,22:45:02,2046-04-04,14:45:02,2468440.115418
2046,8,谷雨,30,2046-04-20,05:39:00,2046-04-19,21:39:00,2468455.402896
2046,9,立夏,45,2046-05-05,15:40:46,2046-05-05,07:40:46,2468470.82078
2046,10,小满,60,2046-05-21,04:28:35,2046-05-20,20:28:35,2468486.353984
2046,11,芒种,75,2046-06-05,19:32:20,2046-06-05,11:32:20,2468501.981593
2046,12,夏至,90,2046-06-21,12:14:45,2046-06-21,04:14:45,2468517.677714
2046,13,小暑,105,2046-07-07,05:40:23,2046-07-06,21:40:23,2468533.403851
2046,14,大暑,120,2046-07-22,23:08:48,2046-07-22,15:08:48,2468549.131914
2046,15,立秋,135,2046-08-07,15:33:26,2046-08-07,07:33:26,2468564.815689
2046,16,处暑,150,2046-08-23,06:24:38,2046-08-22,22:24:38,2468580.434577
2046,17,白露,165,2046-09-07,18:43:23,2046-09-07,10:43:23,2468595.947602
2046,18,秋分,180,2046-09-23,04:21:50,2046-09-22,20:21:50,2468611.349299
2046,19,寒露,195,2046-10-08,10:42:30,2046-10-08,02:42:30,2468626.613655
2046,20,霜降,210,2046-10-23,14:03:39,2046-10-23,06:03:39,2468641.753346
2046,21,立冬,225,2046-11-07,14:14:15,2046-11-07,06:14:15,2468656.760703
2046,22,小雪,240,2046-11-22,11:56:22,2046-11-22,03:56:22,2468671.664955
2046,23,大雪,255,2046-12-07,07:21:24,2046-12-06,23:21:24,2468686.473997
2046,24,冬至,270,2046-12-22,01:28:35,2046-12-21,17:28:35,2468701.228991
2047,1,小寒,285,2047-01-05,18:42:29,2047-01-05,10:42:29,2468715.946971
2047,2,大寒,300,2047-01-20,12:10:04,2047-01-20,04:10:04,2468730.674458
2047,3,立春,315,2047-02-04,06:18:08,2047-02-03,22:18:08,2468745.430062
2047,4,雨水,330,2047-02-19,02:10:29,2047-02-18,18:10:29,2468760.258085
2047,5,惊蛰,345,2047-03-06,00:05:24,2047-03-05,16:05:24,2468775.171228
2047,6,春分,0,2047-03-21,00:52:46,2047-03-20,16:52:46,2468790.204117
2047,7,清明,15,2047-04-05,04:32:48,2047-04-04,20:32:48,2468805.356919
2047,8,谷雨,30,2047-04-20,11:32:38,2047-04-20,03:32:38,2468820.648473
2047,9,立夏,45,2047-05-05,21:28:38,2047-05-05,13:28:38,2468836.062355
2047,10,小满,60,2047-05-21,10:20:01,2047-05-21,02:20:01,2468851.598046
2047,11,芒种,75,2047-06-06,01:20:59,2047-06-05,17:20:59,2468867.223708
2047,12,夏至,90,2047-06-21,18:03:36,2047-06-21,10:03:36,2468882.919975
2047,13,小暑,105,2047-07-07,11:30:36,2047-07-07,03:30:36,2468898.647055
2047,14,大暑,120,2047-07-23,04:55:36,2047-07-22,20:55:36,2468914.372749
2047,15,立秋,135,2047-08-07,21:26:00,2047-08-07,13:26:00,2468930.060532
2047,16,处暑,150,2047-08-23,12:11:00,2047-08-23,04:11:00,2468945.675108
2047,17,白露,165,2047-09-08,00:38:17,2047-09-07,16:38:17,2468961.194058
2047,18,秋分,180,2047-09-23,10:08:12,2047-09-23,02:08:12,2468976.589834
2047,19,寒露,195,2047-10-08,16:37:49,2047-10-08,08:37:49,2468991.860397
2047,20,霜降,210,2047-10-23,19:48:40,2047-10-23,11:48:40,2469006.992939
2047,21,立冬,225,2047-11-07,20:07:28,2047-11-07,12:07:28,2469022.005987
2047,22,小雪,240,2047-11-22,17:38:23,2047-11-22,09:38:23,2469036.902462
2047,23,大雪,255,2047-12-07,13:11:09,2047-12-07,05:11:09,2469051.71688
2047,24,冬至,270,2047-12-22,07:07:21,2047-12-21,23:07:21,2469066.464246
2048,1,小寒,285,2048-01-06,00:29:30,2048-01-05,16:29:30,2469081.187954
2048,2,大寒,300,2048-01-20,17:47:14,2048-01-20,09:47:14,2469095.908605
2048,3,立春,315,2048-02-04,12:04:44,2048-02-04,04:04:44,2469110.670757
2048,4,雨水,330,2048-02-19,07:48:37,2048-02-18,23:48:37,2469125.492903
2048,5,惊蛰,345,2048-03-05,05:54:14,2048-03-04,21:54:14,2469140.413468
2048,6,春分,0,2048-03-20,06:33:57,2048-03-19,22:33:57,2469155.441053
2048,7,清明,15,2048-04-04,10:25:23,2048-04-04,02:25:23,2469170.60177
2048,8,谷雨,30,2048-04-19,17:17:34,2048-04-19,09:17:34,2469185.888007
2048,9,立夏,45,2048-05-05,03:24:37,2048-05-04,19:24:37,2469201.309566
2048,10,小满,60,2048-05-20,16:08:10,2048-05-20,08:08:10,2469216.839815
2048,11,芒种,75,2048-06-05,07:18:25,2048-06-04,23:18:25,2469232.471935
2048,12,夏至,90,2048-06-20,23:54:03,2048-06-20,15:54:03,2469248.163343
2048,13,小暑,105,2048-07-06,17:26:56,2048-07-06,09:26:56,2469263.894505
2048,14,大暑,120,2048-07-22,10:47:05,2048-07-22,02:47:05,2469279.616833
2048,15,立秋,135,2048-08-07,03:18:59,2048-08-06,19:18:59,2469295.305657
2048,16,处暑,150,2048-08-22,18:02:38,2048-08-22,10:02:38,2469310.919305
2048,17,白露,165,2048-09-07,06:28:13,2048-09-06,22:28:13,2469326.437068
2048,18,秋分,180,2048-09-22,16:00:46,2048-09-22,08:00:46,2469341.834678
2048,19,寒露,195,2048-10-07,22:26:51,2048-10-07,14:26:51,2469357.102788
2048,20,霜降,210,2048-10-23,01:42:52,2048-10-22,17:42:52,2469372.238904
2048,21,立冬,225,2048-11-07,01:56:58,2048-11-06,17:56:58,2469387.248696
2048,22,小雪,240,2048-11-21,23:33:38,2048-11-21,15:33:38,2469402.149165
2048,23,大雪,255,2048-12-06,19:00:57,2048-12-06,11:00:57,2469416.959794
2048,24,冬至,270,2048-12-21,13:02:24,2048-12-21,05:02:24,2469431.710805
2049,1,小寒,285,2049-01-05,06:18:51,2049-01-04,22:18:51,2469446.430563
2049,2,大寒,300,2049-01-19,23:41:21,2049-01-19,15:41:21,2469461.154521
2049,3,立春,315,2049-02-03,17:53:31,2049-02-03,09:53:31,2469475.91297
2049,4,雨水,330,2049-02-18,13:42:25,2049-02-18,05:42:25,2469490.738598
2049,5,惊蛰,345,2049-03-05,11:43:04,2049-03-05,03:43:04,2469505.655711
2049,6,春分,0,2049-03-20,12:28:45,2049-03-20,04:28:45,2469520.687441
2049,7,清明,15,2049-04-04,16:14:31,2049-04-04,08:14:31,2469535.844223
2049,8,谷雨,30,2049-04-19,23:13:36,2049-04-19,15:13:36,2469551.135249
2049,9,立夏,45,2049-05-05,09:12:47,2049-05-05,01:12:47,2469566.551346
2049,10,小满,60,2049-05-20,22:03:57,2049-05-20,14:03:57,2469582.086883
2049,11,芒种,75,2049-06-05,13:03:53,2049-06-05,05:03:53,2469597.711833
2049,12,夏至,90,2049-06-21,05:47:28,2049-06-20,21:47:28,2469613.408765
2049,13,小暑,105,2049-07-06,23:08:58,2049-07-06,15:08:58,2469629.132036
2049,14,大暑,120,2049-07-22,16:36:27,2049-07-22,08:36:27,2469644.859454
2049,15,立秋,135,2049-08-07,08:58:04,2049-08-07,00:58:04,2469660.541132
2049,16,处暑,150,2049-08-22,23:47:29,2049-08-22,15:47:29,2469676.158783
2049,17,白露,165,2049-09-07,12:05:41,2049-09-07,04:05:41,2469691.671424
2049,18,秋分,180,2049-09-22,21:42:46,2049-09-22,13:42:46,2469707.072167
2049,19,寒露,195,2049-10-08,04:05:10,2049-10-07,20:05:10,2469722.33773
2049,20,霜降,210,2049-10-23,07:25:21,2049-10-22,23:25:21,2469737.47674
2049,21,立冬,225,2049-11-07,07:38:34,2049-11-06,23:38:34,2469752.485917
2049,22,小雪,240,2049-11-22,05:19:27,2049-11-21,21:19:27,2469767.389315
2049,23,大雪,255,2049-12-07,00:46:48,2049-12-06,16:46:48,2469782.199973
2049,24,冬至,270,2049-12-21,18:52:19,2049-12-21,10:52:19,2469796.953809
2050,1,小寒,285,2050-01-05,12:08:02,2050-01-05,04:08:02,2469811.673051
2050,2,大寒,300,2050-01-20,05:33:58,2050-01-19,21:33:58,2469826.399392
2050,3,立春,315,2050-02-03,23:43:55,2050-02-03,15:43:55,2469841.156305
2050,4,雨水,330,2050-02-18,19:35:14,2050-02-18,11:35:14,2469855.98361
2050,5,惊蛰,345,2050-03-05,17:32:50,2050-03-05,09:32:50,2469870.898607
2050,6,春分,0,2050-03-20,18:19:44,2050-03-20,10:19:44,2469885.931181
2050,7,清明,15,2050-04-04,22:03:21,2050-04-04,14:03:21,2469901.08647
2050,8,谷雨,30,2050-04-20,05:02:21,2050-04-19,21:02:21,2469916.377434
2050,9,立夏,45,2050-05-05,15:02:07,2050-05-05,07:02:07,2469931.79394
2050,10,小满,60,2050-05-21,03:51:00,2050-05-20,19:51:00,2469947.327889
2050,11,芒种,75,2050-06-05,18:54:59,2050-06-05,10:54:59,2469962.955659
2050,12,夏至,90,2050-06-21,11:33:11,2050-06-21,03:33:11,2469978.648853
2050,13,小暑,105,2050-07-07,05:02:03,2050-07-06,21:02:03,2469994.377234
2050,14,大暑,120,2050-07-22,22:21:34,2050-07-22,14:21:34,2470010.099119
2050,15,立秋,135,2050-08-07,14:52:40,2050-08-07,06:52:40,2470025.787378
2050,16,处暑,150,2050-08-23,05:32:51,2050-08-22,21:32:51,2470041.398619
2050,17,白露,165,2050-09-07,18:00:49,2050-09-07,10:00:49,2470056.918041
2050,18,秋分,180,2050-09-23,03:28:41,2050-09-22,19:28:41,2470072.312398
2050,19,寒露,195,2050-10-08,10:00:19,2050-10-08,02:00:19,2470087.584364
2050,20,霜降,210,2050-10-23,13:12:01,2050-10-23,05:12:01,2470102.717485
2050,21,立冬,225,2050-11-07,13:33:51,2050-11-07,05:33:51,2470117.732645
2050,22,小雪,240,2050-11-22,11:06:30,2050-11-22,03:06:30,2470132.630323
2050,23,大雪,255,2050-12-07,06:41:58,2050-12-06,22:41:58,2470147.446617
2050,24,冬至,270,2050-12-22,00:38:53,2050-12-21,16:38:53,2470162.194476
2051,1,小寒,285,2051-01-05,18:02:23,2051-01-05,10:02:23,2470176.919125
2051,2,大寒,300,2051-01-20,11:18:58,2051-01-20,03:18:58,2470191.638974
2051,3,立春,315,2051-02-04,05:36:18,2051-02-03,21:36:18,2470206.401014
2051,4,雨水,330,2051-02-19,01:17:38,2051-02-18,17:17:38,2470221.22138
2051,5,惊蛰,345,2051-03-05,23:22:14,2051-03-05,15:22:14,2470236.141244
2051,6,春分,0,2051-03-20,23:59:22,2051-03-20,15:59:22,2470251.16703
2051,7,清明,15,2051-04-05,03:49:52,2051-04-04,19:49:52,2470266.327103
2051,8,谷雨,30,2051-04-20,10:40:50,2051-04-20,02:40:50,2470281.6125
2051,9,立夏,45,2051-05-05,20:47:18,2051-05-05,12:47:18,2470297.033657
2051,10,小满,60,2051-05-21,09:31:36,2051-05-21,01:31:36,2470312.56442
2051,11,芒种,75,2051-06-06,00:40:54,2051-06-05,16:40:54,2470328.195877
2051,12,夏至,90,2051-06-21,17:18:51,2051-06-21,09:18:51,2470343.888892
2051,13,小暑,105,2051-07-07,10:49:39,2051-07-07,02:49:39,2470359.618624
2051,14,大暑,120,2051-07-23,04:13:09,2051-07-22,20:13:09,2470375.343272
2051,15,立秋,135,2051-08-07,20:42:02,2051-08-07,12:42:02,2470391.030001
2051,16,处暑,150,2051-08-23,11:29:21,2051-08-23,03:29:21,2470406.646186
2051,17,白露,165,2051-09-07,23:51:31,2051-09-07,15:51:31,2470422.161584
2051,18,秋分,180,2051-09-23,09:27:34,2051-09-23,01:27:34,2470437.561616
2051,19,寒露,195,2051-10-08,15:50:40,2051-10-08,07:50:40,2470452.827657
2051,20,霜降,210,2051-10-23,19:10:18,2051-10-23,11:10:18,2470467.96629
2051,21,立冬,225,2051-11-07,19:22:21,2051-11-07,11:22:21,2470482.974655
2051,22,小雪,240,2051-11-22,17:03:03,2051-11-22,09:03:03,2470497.877927
2051,23,大雪,255,2051-12-07,12:28:51,2051-12-07,04:28:51,2470512.687502
2051,24,冬至,270,2051-12-22,06:34:20,2051-12-21,22:34:20,2470527.441315
2052,1,小寒,285,2052-01-05,23:48:45,2052-01-05,15:48:45,2470542.159666
2052,2,大寒,300,2052-01-20,17:14:26,2052-01-20,09:14:26,2470556.885825
2052,3,立春,315,2052-02-04,11:23:10,2052-02-04,03:23:10,2470571.641895
2052,4,雨水,330,2052-02-19,07:13:51,2052-02-18,23:13:51,2470586.468753
2052,5,惊蛰,345,2052-03-05,05:09:45,2052-03-04,21:09:45,2470601.382574
2052,6,春分,0,2052-03-20,05:56:19,2052-03-19,21:56:19,2470616.414912
2052,7,清明,15,2052-04-04,09:37:31,2052-04-04,01:37:31,2470631.568531
2052,8,谷雨,30,2052-04-19,16:38:10,2052-04-19,08:38:10,2470646.86064
2052,9,立夏,45,2052-05-05,02:35:01,2052-05-04,18:35:01,2470662.275121
2052,10,小满,60,2052-05-20,15:29:13,2052-05-20,07:29:13,2470677.812762
2052,11,芒种,75,2052-06-05,06:29:41,2052-06-04,22:29:41,2470693.438089
2052,12,夏至,90,2052-06-20,23:16:26,2052-06-20,15:16:26,2470709.137222
2052,13,小暑,105,2052-07-06,16:40:12,2052-07-06,08:40:12,2470724.862061
2052,14,大暑,120,2052-07-22,10:09:05,2052-07-22,02:09:05,2470740.59045
2052,15,立秋,135,2052-08-07,02:33:28,2052-08-06,18:33:28,2470756.274043
2052,16,处暑,150,2052-08-22,17:21:43,2052-08-22,09:21:43,2470771.890883
2052,17,白露,165,2052-09-07,05:42:22,2052-09-06,21:42:22,2470787.405228
2052,18,秋分,180,2052-09-22,15:15:56,2052-09-22,07:15:56,2470802.803541
2052,19,寒露,195,2052-10-07,21:40:03,2052-10-07,13:40:03,2470818.070285
2052,20,霜降,210,2052-10-23,00:55:25,2052-10-22,16:55:25,2470833.205959
2052,21,立冬,225,2052-11-07,01:10:06,2052-11-06,17:10:06,2470848.216153
2052,22,小雪,240,2052-11-21,22:46:14,2052-11-21,14:46:14,2470863.116247
2052,23,大雪,255,2052-12-06,18:15:44,2052-12-06,10:15:44,2470877.928394
2052,24,冬至,270,2052-12-21,12:17:27,2052-12-21,04:17:27,2470892.679586
